post_allele_freqs_lower	post_allele_freqs_med	post_allele_freqs_upper	freq	target_id	seq
0.1414969876408577	0.3062025010585785	0.5025485157966614	0.30900851559638964	Pf3D7_01_v3-0181544-0181729	TTTCATTATTGTTTTCATTCTTTTTTTAACGAAAACTATTCATCTCAAAAATATAAGATATTTTATATGACGAATGCCATTGTATTTTTTGTTACGTAAAACCTGACTTCTTCAAGGAAAACACATGCGCATTTTCACCAATTTTTGCCTAAGCTTATTATAAAAAGTATATTAAATGTATGACT
0.041672070045024164	0.1399458572268486	0.28172789141535753	0.14725600421242416	Pf3D7_01_v3-0181544-0181729	TTTCATTATTGTTTTCATTCTTTTTTTAACGAAAACTATTCATCTCAAAAATATAAGATATTTTATATGACGAATGCCATTGTATTTTTTGTTACGTAAAACCTGACTTCTTCAGGGAAAACACATGCGCATTTTCACCAATTTTTGCCTAAGCTTATTATAAAAAGTATATTAAATGTATGACT
0.18685814067721368	0.36169004440307617	0.566768342256546	0.36402076976001263	Pf3D7_01_v3-0181544-0181729	TTTCATTATTGTTTTCATTCTTTTTTTAACTAAAACTATTCATCTCAAAAATATAAGATATTTTATATGACGAATGCCATTGTATTTTTTGTTACGTAAAACCTGACTTCTTCAAGGAAAACACATGCGCATTTTCACCAATTTTTGCCTAAGCTTATTATAAAAAGTATATTAAATGTATGACT
0.06618206333369016	0.1704229936003685	0.33605311810970284	0.17971470788493754	Pf3D7_01_v3-0181544-0181729	TTTCATTATTGTTTTCATTCTTTTTTTAACTAAAACTATTCATCTCAAAAATATAAGATATTTTATATGACGAATGCCATTGTATTTTTTGTTACGTAAAACCTGACTTCTTCAGGGAAAACACATGCGCATTTTCACCAATTTTTGCCTAAGCTTATTATAAAAAGTATATTAAATGTATGACT
4.4000206980854273e-4	0.0121329165995121	0.10516254492104049	0.022695083440208715	Pf3D7_01_v3-0528889-0529073	ATTTGATTCTTTTTAATAAAAAAGAAGCTAAAGATATGTCAGACGATATAATTTCCCAACAAAAACGTTATTGCTCTACCAATATTCATAGTATTTATAATAATAAAATATGTATATGTAAAAATAAGCGACATCATAACAAAAGAGGGAAAGGAATAAAGCATCATGACATACACCAAAAGGA
1.0351372536909764e-12	1.7069329890512241e-12	6.880084696403443e-11	5.953074495163007e-12	Pf3D7_01_v3-0528889-0529073	ATTTGATTCTTTTTAATGAAAAAGAAGCTAAAGATATGTCAGACCATATAATTTCCCAACAAAAACGTTATTGCTCTACCAATATTCATAGTAATTATAATAATAAAATATGTATATGTAAAAATAAGCGACATCATAACAAAAGAGGGAAAGGAATAAAGCATCATGACATACATCAAAAGGA
0.18425278887152674	0.30505475401878357	0.5178444102406499	0.31741743972897524	Pf3D7_01_v3-0528889-0529073	ATTTGATTCTTTTTAATGAAAAAGAAGCTAAAGATATGTCAGACCATATAATTTCCCAACAAAAACGTTATTGCTCTACCAATATTCATAGTAATTATAATAATAAAATATGTATATGTAAAAATAAGCGACATCATAACAAAAGAGGGAAAGGAATAAAGCATCCTGACATACATCAAAAGGA
2.1566855139099061e-4	0.03164072707295418	0.11908148974180222	0.038723886491752624	Pf3D7_01_v3-0528889-0529073	ATTTGATTCTTTTTAATGAAAAAGAAGCTAAAGATATGTCAGACGATATAATTTCCCAACAAAAACGTTATTGCTCTACCAATATTCATAGTAATTATAATAATAAAATATGTATATGTAAAAATAAGCGACATCATAACAAAAGAGGGAAAGGAATAAAGCATCATGACATACACCAAAAGGA
0.02648286521434784	0.13677392154932022	0.2735668122768402	0.14135661410540357	Pf3D7_01_v3-0528889-0529073	ATTTGATTCTTTTTAATGAAAAAGAAGCTAAAGATATGTCAGACGATATAATTTCCCAACAAAAACGTTATTGCTCTACCAATATTCATAGTAATTATAATAATAAAATATGTATATGTAAAAATAAGCGACATCATAACAAAAGAGGGAAAGGAATAAAGCATCATGACATACATCAAAAGGA
0.25941917300224304	0.4507604390382767	0.6328164935112	0.4456599076837302	Pf3D7_01_v3-0528889-0529073	ATTTGATTCTTTTTAATGAAAAAGAAGCTAAAGATATGTCAGACGATATAATTTCCCAACAAAAACGTTATTGCTCTACCAATATTCATAGTAATTATAATAATAAAATATGTATATGTAAAAATAAGCGACATCATAACAAAAGAGGGAAAGGAATAAAGCATCCTGACATACATCAAAAGGA
1.1383726074417831e-12	4.029445180298019e-12	2.2766007828911583e-11	6.835965037522295e-12	Pf3D7_01_v3-0528889-0529073	ATTTGATTCTTTTTAATGAAAAAGAAGCTAAAGATATGTCAGACGATATAATTTCCCAACAAAAACGTTATTGCTCTACCAATATTCATAGTATTTATAATAATAAAATATGTATATGTAAAAATAAGCGACATCATAACAAAAGAGGGAAAGGAATAAAGCATCATGACATACACCAAAAGGA
0.0021173512563109403	0.025104465894401073	0.1304600089788437	0.03414706743304855	Pf3D7_01_v3-0528889-0529073	ATTTGATTCTTTTTAATGAAAAAGAAGCTAAAGATATGTCAGACTATATAATTTCCCAACAAAAACGTTATTGCTCTACCAATATTCATAGTAATTATAATAATAAAATATGTATATGTAAAAATAAGCGACATCATAACAAAAGAGGGAAAGGAATAAAGCATCATGACATACATCAAAAGGA
0.0787535011768341	0.2162998765707016	0.3747188881039618	0.21588110932335258	Pf3D7_02_v3-0290610-0290789	TTTATTATAAGGATTATAATTATTATCATTCTTATTATATGGATTAATATAATTTCCATCATAATCATTACTGTTTTTATCATATTGTGGATAATTATTTCTATTTCTATTTTGATTAAAATCCGATTGTCTATATCTAACTCTAATATCTGTAGATGCTAAATCATTAGGTAATGGGA
0.6252811685204506	0.7837001085281372	0.9212464690208435	0.7841188839673995	Pf3D7_02_v3-0290610-0290789	TTTATTATAAGGATTATAATTATTATCATTCTTATTATATGGATTAATATAATTTCGATCATAATCATTACTGTTTTTATCATATTGTGGATAATTATTTCTATTTCTATTTTGATTAAAATCCGATTGTCTATATCTAACTCTAATATCTGTAGATGCTAAATCATTAGGTAATGGGA
1.0743766987175718e-12	2.294271543579196e-12	3.8721944487646236e-11	2.7222273289500578e-11	Pf3D7_02_v3-0290610-0290789	TTTATTATAAGGATTATAATTATTATCATTCTTATTATATGGATTAATATAATTTTGATCATAATCATTACTGTTTTTATCATATTGTGGATAATTATTTCTATTTCTATTTTGATTAAAATCCGATTGTCTATATCTAACTCTAATATCTGTAGATGCTAAATCATTAGGTAATGGGA
0.0012647534196730704	0.022720567882061005	0.10143331587314605	0.032525441986997056	Pf3D7_02_v3-0291801-0291984	TTAATATCATAAGGTTTGAATATTTTCCTCTCAGGTATTATACCAACAGAAGGTTTATCATCATCTTTAAAACCTGCTCTATCTTTAACCCATTGATTAGGATTTTTTAAACATAAAGCTGGATTCTTTAATAAATCTTTCATATGTTCCATATTATTTTCTTCATTTATATATGATGCTACA
0.8184234365820885	0.9427018761634827	0.9889290928840637	0.9321561945676804	Pf3D7_02_v3-0291801-0291984	TTAATATCATAAGGTTTGAATATTTTCCTCTCAGGTATTATACCAACAGAAGGTTTATCATCATCTTTAAAACCTGCTCTATCTTTAACCCATTGATTAGGATTTTTTAAACATAAAGCTGGATTCTTTAATAAATCTTTCATATGTTCCATATTATTTTCTTCATTTATATATGATTCTACA
0.0014969437062973157	0.024720394983887672	0.11983955744653935	0.03531836342378688	Pf3D7_02_v3-0291801-0291984	TTAATATCATAAGGTTTGAATATTTTCCTCTCAGGTATTATACCAACAGAAGGTTTATCATCATCTTTAAAACCTGTTCTATCTTTAACCCATTGATTAGGATTTTTTAAACATAAAGCTGGATTCTTTAATAAATCTTTCATATGTTCCATATTATTTTCTTCATTTATATATGATTCTACA
1.0018610290332686e-12	1.1209828638253372e-12	2.3282700799872446e-12	1.3319501620352393e-12	Pf3D7_03_v3-0891585-0891794	ACAAGAGCTAAGAAAACATATAGAATCATCATAAGGATGTTGATAATATAAATGTGTTTTTATTTGTGTATTTATGTCAGAATATTGTTCCTTCGATTTATCTTTAAAATAATCAAGATTATTTATGTTGGTGGCTTTATTATTATTAAAATAATTTTGATTTGTTACATGATGACTATGGGTATATTTGTATTTTACGTTTTTATTAT
1.0168599903076503e-12	1.655675596623496e-12	1.2907039434635609e-11	1.030494319520165e-11	Pf3D7_03_v3-0891585-0891794	ACAAGAGCTAAGAAAACATATAGAATCATCATAAGGATGTTGATAATATAAATGTGTTTTTATTTGTGTATTTATGTCAGAATATTGTTCCTTTGATTTATCTTTAAAATAATCAAGATTATTTATGTTGGTGGCTTTATTATTATTAAAATAATTTTGATTTGTTACATGATGACTAGGGGTATATTTGTATTTTACGTTTTTATTAT
0.0671653226017952	0.13504841923713684	0.29769909381866455	0.1532068063355984	Pf3D7_03_v3-0891585-0891794	ACAAGAGCTAAGAAAACATATAGAATCATCATAAGGATGTTGATAATATAAATGTGTTTTTATTTGTGTATTTATGTCAGAATATTGTTCCTTTGATTTATCTTTAAAATAATCAATATTATTTATGTTGGTGGCTTTATTATTATTAAAATAATTTTGATTTGTTACATGATGACTAGGGGTATATTTGTATTTTACGTTTTTATTAT
1.0635523494881283e-12	1.9380537756227834e-12	8.635651915778197e-11	8.757818885569472e-12	Pf3D7_03_v3-0891585-0891794	ACAAGAGCTAAGAAAACATATAGAATTATCATAAGGATGTTGATAATATAAATGTGTTTTTATTTGTGTATTTATGTCAGAATATTGTTCCTTTGATTTATCTTTAAAATAATCAAGATTATTTATGTTGGTGGCTTTATTATTATTAAAATAATTTTGATTTGTTACATGATGACTAGGGGTATATTTGTATTTTACGTTTTTATTAT
0.7023009061813354	0.8649515509605408	0.9328346848487854	0.8467931878566741	Pf3D7_03_v3-0891585-0891794	ACAAGAGCTAAGAAAACATATAGAATTATCATAAGGATGTTGATAATATAAATGTGTTTTTATTTGTGTATTTATGTCAGAATATTGTTCCTTTGATTTATCTTTAAAATAATCAATATTATTTATGTTGGTGGCTTTATTATTATTAAAATAATTTTGATTTGTTACATGATGACTAGGGGTATATTTGTATTTTACGTTTTTATTAT
1.0575869607148958e-12	1.908417000817675e-12	2.0703952441358808e-11	3.82510968526766e-12	Pf3D7_03_v3-0891585-0891794	ACAAGAGCTAAGAAAACATATAGAATTATCATAAGGATGTTGATAATATAAATGTGTTTTTATTTGTGTATTTATGTCAGAATATTGTTCCTTTGATTTATCTTTAAAATAATCAATATTATTTATGTTGGTGGCTTTATTATTATTAAAATAATTTTGATTTGTTACATGATGACTATGGGTATATTTGTATTTTACGTTTTTATTAT
3.283619465221932e-8	2.5258350433432497e-5	0.02635895153507589	0.0026938080380254103	Pf3D7_04_v3-0109961-0110151	TCAACATCTGAATTATATAAATCTTTAGAAAAACAACTAATATCCTTACTACATATATTTATTTTTATACCAAGAATAACAGCCATATAAACCAAAACTCTCTCAAATGCATGTGATACAGGTAAATAAGAAAAATGGGTTTTCGGTTTCAAGTTTTTTATTACATTATGATCACATAATGGTGCTACTG
0.043978198524564506	0.11726631596684456	0.24556439369916913	0.12355127214267847	Pf3D7_04_v3-0109961-0110151	TCAACATCTGAATTATATAAATCTTTAGAAAAACAACTAATATCCTTACTCCATATATTTATTTTTATACCAAGAATAACAGCCATATAAACCAAAACTCTCTCAAATACATGTGATACAGGTAAATAAGAAAAATGGGTTTTCGGTTTCATGTTTTTTATTACATTATGATCACATAATGGTGCTACTG
0.7539396107196807	0.880747377872467	0.9541617035865784	0.8737549198269845	Pf3D7_04_v3-0109961-0110151	TCAACATCTGAATTATATAAATCTTTAGAAAAACAACTAATATCCTTACTCCATATATTTATTTTTATACCAAGAATAACAGCCATATAAACCAAAACTCTCTCAAATGCATGTGATACAGGTAAATAAGAAAAATGGGTTTTCGGTTTCATGTTTTTTATTACATTATGATCACATAATGGTGCTACTG
0.011851335456594825	0.05278875678777695	0.16274595260620114	0.060939719303220063	Pf3D7_04_v3-0115483-0115652	TTATTAATGTCATTTTGTTTTTCTTTATTATTATTATTTTTATTTTTTCCCTGGTTATCTTCCTTATTACCTAGCTTTTTTTTGTTGTCATTATTTTCTGTCTGATTATTATTTTTGACTTTGTTCATCCTTGAATTATCCGTTCTGTTTGTATGTCTCAAGCAAGGTT
0.468343685567379	0.6186168193817139	0.7787695854902267	0.6208039115667343	Pf3D7_04_v3-0115483-0115652	TTATTAATGTCATTTTGTTTTTCTTTATTATTATTATTTTTATTTTTTCCCTGGTTATCTTCCTTATTACCTAGCTTTTTTTTGTTGTCATTATTTTCTGTCTGATTATTATTTTTGACTTTGTTCATCTTTGAATTATCCGTTCTGTTTGTATGTCTCAAGCAAGGTT
0.1555318530648947	0.3155350983142853	0.47541625574231144	0.3182563689649105	Pf3D7_04_v3-0115483-0115652	TTATTAATGTCATTTTGTTTTTCTTTATTATTATTATTTTTATTTTTTCCCTGGTTATCTTCCTTATTACCTAGCTTTTTTTTGTTGTCATTATTTTCTGTCTGATTATTATTTTTGACTTTGTTCATCTTTGAATTATTCGTTCTGTTTGTATGTCTCAAGCAAGGTT
0.1413332223892212	0.2737748920917511	0.4721349470317363	0.28583063603565095	Pf3D7_04_v3-0544486-0544685	TACAAAATATAATACTTTATATACAAATGCTTATAAAAAATTTTAACGCGGACGTACTTCAAAATAATATAAATGAAGAAGAAGTAATACATAATAACATCAACATTAATAATATAAAAGAAGAACAAATTATACCAAATAATATCAAGAATATCCATAATAATGACAATATTAATCATTGTGATGATAATAAAATAAA
0.09180165827274323	0.23542369902133942	0.38382571935653687	0.23436750018224123	Pf3D7_04_v3-0544486-0544685	TACAAAATATAATACTTTATATACAAATGCTTATAAAAAATTTTAACTCGAACGTACTTCAAAATAATATAAATGAACAAGAAGTAATACATAATAACATCAACATTAATAATATAAAAGAAGAACAAATTATACCAAATAATATCAAGAATATCCATAATAATGACAATATTAATCATTGTGATGATAATAAAATAAA
0.21208131313323975	0.3561258167028427	0.5420454144477844	0.36599506241083146	Pf3D7_04_v3-0544486-0544685	TACAAAATATAATACTTTATATACAAATGCTTATAAAAAATTTTAACTCGAACGTACTTCAAAATAATATAAATGAACAAGAAGTAATACATAATAACATCAACATTAATAATATAAAAGAAGAACAAATTATACCAAATAATATCAAGAATATCCATAATAATGACAATATTAATCATTGTGATGGTAATAAAATAAA
0.02789977192878723	0.10700215399265289	0.23680769875645633	0.11380680344812576	Pf3D7_04_v3-0544486-0544685	TACAAAATATAATACTTTATATACAAATGCTTATAAAAAATTTTAACTCGAACGTACTTCAAAATAATATAAATGAACAAGAAGTAATACATAATAACATCAACATTAATAATATAAAAGAAGAACAACTTATACCAAATAATATCAAGAATATCCATAATAATGACAATATTAATCATTGTGATGATAATAAAATAAA
0.19431299306452274	0.36187468469142914	0.5534557104110718	0.3645435327813029	Pf3D7_04_v3-0748128-0748326	ATGTGCATGTTGTAAGGTTGAAAGCAAAAATGAGGGGAAAAAAAATGAGGTTTTTAATAACTACACATTTAGAGGTCTAGGAAATAAAGGAGTATTACCATGGAAATGTAATTCCCTAGATATGAAATATTTTCGTGCAGTTACAACATATGTGAATGAATCAAAATATGAAAAATTGAAATATAAGAGATGTAAATA
0.44654420018196106	0.6381253302097321	0.8056869938969612	0.6354564665257931	Pf3D7_04_v3-0748128-0748326	ATGTGCATGTTGTAAGGTTGAAAGCAAAAATGAGGGGAAAAAAAATGAGGTTTTTAATAACTACACATTTAGAGGTCTAGGAAATAAAGGAGTATTACCATGGAAATGTATTTCCCTAGATATGAAATATTTTCGTGCAGTTACAACATATGTGAATGAATCAAAATATGAAAAATTGAAATATAAGAGATGTAAATA
0.4902192950248718	0.6825261116027832	0.8458343341946601	0.6832533637285232	Pf3D7_04_v3-0748406-0748581	CAAACTGGGAAAGCATTCCAAAAAAATTTAAACCTTTAAGCAATAGGATAAATGTTATATTGTCTAGAACCTTAAAAAAAGAAGATTTTGATGAAGATGTTTATATCATTAACAAAGTTGAAGATCTAATAGTTTTACTTGGGAAATTAAATTACTATAAATGTTTTATTATAGG
0.15416556298732756	0.3174739181995392	0.5097807049751282	0.3167466349005699	Pf3D7_04_v3-0748406-0748581	CAAACTGGGAAAGCATTCCAAAAAAATTTAAACCTTTAAGCAATAGGATAAATGTTATATTGTCTAGAACCTTAAAAAAAGAAGATTTTGATGAAGATGTTTATATCATTAACAAAGTTGAAGATCTAATAGTTTTACTTGGGAAATTAAATTACTATAAATGTTTTATTTTAGG
0.548257339000702	0.7273097038269043	0.8813055157661438	0.7216168687939644	Pf3D7_04_v3-1005970-1006155	AGTCTTAACATTAATCTTAGTTACAAAGTTACATGGATTTATTGAAAAGATATTTTCGTCACTATATTTCTTTTTTTCCATATCCGTTTGATCATTTTTATATGTTTTCATATTATCCATATGTTCATTATTTTGATCAATATAATTTTTTTTTATAATAAATTTAGAATTATTTTTAAAGAAAA
0.057770662009716034	0.16675979644060135	0.33973610624670975	0.17562328261137006	Pf3D7_04_v3-1005970-1006155	AGTCTTAACATTAATCTTAGTTACAAAGTTACATGGATTTATTGAAAAGATATTTTCGTCACTATATTTCTTTTTTTCCATATCTGTTTGATCATTTTGATATGTTTTCATATTATCCATATGTTCATTATTTTGATCAATATAATTTTTTTTTATAATAAATTTAGAATTATTTTTAAAGAAAA
0.02164732664823532	0.09557356685400009	0.2437663972377777	0.10275985112041236	Pf3D7_04_v3-1005970-1006155	AGTCTTAACATTAATTCTAGTTACAAAGTTACATGGATTTATTGAAAAGATATTTTCGTCATTATATTTCTTTTTTTCCATATCTGTTTGATCATTTTGATATGTTTTCATATTATCCATATGTTCATTATTTTGATCAATATAATTTTTTTTTATAATAAATTTAGAATTATTTTTAAAGAAAA
0.6382315039634704	0.8051353096961975	0.9126574590802192	0.7962502769231796	Pf3D7_05_v3-0350840-0351019	TTAATATAATTTGAGTTGATAATATTATAATTATTTTTTATATGTTGCTCATTTATATTATTATGATAAATATGAGTTGTATTTTTATTAGAATTGTAGGACATTTTCCCATACATGAGTTGTTTTACATTTTTAACATTTTTATAATTATGTATTAAACATAAAATTATTAGATAAAC
0.02028067782521248	0.08416373282670975	0.23448023311793803	0.09627934629144147	Pf3D7_05_v3-0350840-0351019	TTAATATAATTTGAGTTGATAATATTATAATTATTTTTTATATGTTGCTCATTTATATTATTATGATAAATATGAGTTGTATTTTTATTAGAATTGTAGGACATTTTCCCATACATGAGTTGTTTTACATTTTTAACATTTTTATAATTATGTATTAAACATAAGATTATTAGATAAAC
0.009790505492128433	0.053620126098394394	0.1822637479752302	0.06454911966249349	Pf3D7_05_v3-0350840-0351019	TTAATATAATTTGAGTTGATAATATTATAATTATTTTTTATATGTTGCTCATTTATATTATTATGATAAATATGAGTTGTATTTTTATTAGAGTTGTAGGACATTTTCCCATACATTAGTTGTTTTACATTTTTAACATTTTTATAATTATGTATTAAACATAAAATTATTAGATAAAC
0.0012768875662004576	0.036362575367093086	0.13169918917119502	0.04292125446724822	Pf3D7_05_v3-0350840-0351019	TTAATATAATTTGAGTTGATAATATTATAATTATTTTTTATATGTTGCTCATTTATATTATTATGATAAATATGAGTTGTATTTTTATTAGAGTTGTAGGACATTTTCCCATACATTAGTTGTTTTACATTTTTAACATTTTTATAATTATGTATTAAACATAAGATTATTAGATAAAC
0.8222985610365868	0.9398819208145142	0.9883046448230743	0.9307952468991278	Pf3D7_05_v3-0395919-0396103	GTCTAAGGATTGTTGGTTTTTTAGGATGCTCATCTTTTTAAGATAATCCTCTTTACTGTCGTTATTATTTAAATCGTTTTGTATAATATTATATTGTGAATTCCTTGTGTTTTTCATAACACTATTAGTCCTATTGGTGTTCTTCTTATTATTATTATTATTGTTCTTCTTCTTAATAAAA
2.4809449199886258e-12	9.632456610120244e-8	0.016862273588776584	0.001346476968403357	Pf3D7_05_v3-0395919-0396103	GTCTAAGGATTGTTGGTTTTTTAGGATGCTCATCTTTTTAAGATAATCCTCTTTACTGTCGTTATTATTTAAATCGTTTTGTATAATATTATATTGTGAATTCCTTGTGTTTTTCATAACACTATTAGTCCTATTGGTGTTCTTCTTCTTATTATTATTATTATTGTTCTTCTTCTTAATAAAA
0.01097394535318017	0.059927983209490776	0.17770126610994336	0.06785827723960393	Pf3D7_05_v3-0395919-0396103	GTCTAAGGATTGTTGGTTTTTTAGGATGCTCATCTTTTTAAGATAATCCTCTTTACTGTCGTTATTATTTAAATCGTTTTGTATAATATTATATTGTGAATTCCTTGTGTTTTTCATAACACTATTAGTCCTATTGGTGTTCTTCTTCTTATTATTATTATTGTTCTTCTTCTTAATAAAA
1.978818796105272e-12	3.418053893256001e-7	0.014531715982593577	0.0014328166404310747	Pf3D7_05_v3-0550834-0551043	TATATAATACACCTTTCTTATTTATATTAATCTTTTCATTTTTACAAGAAATCACCTCCCTACTTATTCGGTTGTCCTCATTTTCATATTTCATAACACCATCATTTATTTTTTCTATTTCTTTAATATTATTTTCTCCTTGGACGTAATTATGCTTTCCTATCATCTCCTTTGCTCTACTTCCTATATATACTAATTTCTCTCTGAAT
0.8993980556726455	0.9746601581573486	0.9987983703613281	0.9661197212338447	Pf3D7_05_v3-0550834-0551043	TATATACACCTTTCTTATTTATATTAATCTTTTCATTTTTACAAGAAATCACCTCCCTACTTATTCGGTTGTCCTCATTTTCATATTTCATAACACCATCATTTATTTTTTCTATTTCTTTAATATTATTTTCTCCTTCGACGTAATTATGCTTTCCTATCATCTCCTTTGCTCTACTTCCTATATATACTAATTTCTCTCTGAAT
5.050558829680085e-4	0.022904232144355774	0.09863412845879792	0.03244746113562498	Pf3D7_05_v3-0550834-0551043	TATATACACCTTTCTTATTTATATTAATCTTTTCATTTTTACAAGAAATCACCTCCCTACTTATTCGGTTGTCCTCATTTTCATATTTCATAACACCATCATTTATTTTTTCTATTTCTTTAATATTATTTTCTCCTTCGATGTAATTATGCTTTCCTATCATCTCCTTTGCTCTACTTCCTATATATACTAATTTCTCTCTGAAT
0.5358233451843262	0.7155425548553467	0.8583590984344482	0.7123506375849247	Pf3D7_05_v3-0668787-0668979	ATAATATTATCTGGCTCTGTAACCATGTCCGAACATATGTTAACAGGAGAATCTGTTCCTATACATAAAGAGCGGTTACCTTTTGAAGGAAATGCTATTATAAATAAAAATAATAAATATGACAGTAACGATGAAAAGGATGATTACCTTCGTATTTATAATAATCATGCTAGTATTAATATGATCAACCGT
0.12180300801992416	0.24269887804985046	0.4410625696182251	0.2550897316969931	Pf3D7_05_v3-0668787-0668979	ATAATATTATCTGGCTCTGTAACCATGTCCGAACATATGTTAACAGGAGAATCTGTTCCTATACATAAAGAGCGGTTACCTTTTGAAGGAAATGCTATTATAAATAAAAATAATAAATATGACAGTAACGATGAAAAGGATGATTACCTTCGTATTTATAATAATCATGCTAGTATTAATATGATCAAGCGT
0.0012833297718316317	0.024477820843458176	0.1076392851769924	0.03255963265549506	Pf3D7_05_v3-0668787-0668979	ATAATATTATCTGGCTCTGTAACCATGTCCGAACATATGTTAACAGGAGAATCTGTTCCTATACATAAAGAGCGGTTACCTTTTGAAGGAAATGCTATTATAAATAAAAATAATAAATATGAGAGTAACGATGAAAAGGATGATTACCTTCGTATTTATAATAATCATGCTAGTATTAATATGATCAACCGT
0.4909704476594925	0.6868909597396851	0.8409879371523856	0.680247902750969	Pf3D7_05_v3-0958394-0958580	AATTTATAACAATTTTTACATATGCCAGTTCCTTTTTAGGTTTATATATTTGGTCATTAATAAAAAATGCACGTTTGACTTTATGTATTACTTGCGTTTTTCCGTTAATTTATGTTTGTGGTGTCATATGTAATAAGAAAGTAAAATTAAATAAAAAAACATCTTTGTTATATAATAACAATACCA
0.15901200473308566	0.31310904026031494	0.5090295806527138	0.3197521011009813	Pf3D7_05_v3-0958394-0958580	AATTTATAACAATTTTTACATATGCCAGTTCCTTTTTAGGTTTATTTATTTGGTCATTAATAAAAAATGCACGTTTGACTTTATGTATTACTTGCGTTTTTCCGTTAATTTATGTTTGTGGTGTCATATGTAATAAGAAAGTAAAATTAAATAAAAAAACATCTTTGTTATATAATAACAATACCA
4.905357187112713e-8	4.905357187112713e-8	4.905357187112713e-8	4.905357187112713e-8	Pf3D7_05_v3-0961543-0961730	TCTGCAGAAGATTATACTGTATATAATAATAATGGAGAAATATTATTAGATGATATTAATATATGTGATTATAACTTAAGAGATCTTAGAAACTTATTTTCAATAGTTAGTCAAGAACCCATGTTATTTAATATGTCCATATATGAAAATATCAAATTTGGAAGAGAAGATGCAACATTGGAAGATG
1	1	1	1	Pf3D7_05_v3-0961543-0961730	TCTGCAGAAGATTATACTGTATTTAATAATAATGGAGAAATATTATTAGATGATATTAATATATGTGATTATAACTTAAGAGATCTTAGAAACTTATTTTCAATAGTTAGTCAAGAACCCATGTTATTTAATATGTCCATATATGAAAATATCAAATTTGGAAGAGAAGATGCAACATTGGAAGATG
0.019818566739559174	0.07368453592061996	0.21613817699253488	0.08532352978317073	Pf3D7_05_v3-1322131-1322313	TTTCCAATAGAAACTAGATTACGATTTTCTTCATGAGGTAAATTGACATTCATCTTATATGTATAATTAAGGATGAGTAATAAATTGTATAAAAATATTTTTATTTAATAATTTATATGTATTATTAATAATTCTGAATTTATCAATTGATATATTATTTTTGTTTTTCTTTATGCCATTCA
1.0350937771838598e-12	1.6528798729015248e-12	2.289888842779697e-11	3.853835413660838e-12	Pf3D7_05_v3-1322131-1322313	TTTCCAATAGAAACTAGATTACGATTTTCTTCATGAGGTAAATTGACATTCATCTTATATGTATAATTAAGGATGAGTAATAAATTGTATAGAAATATTTTTATTTAATAATTTATATGTATTATTAATAATTCTGAATTTATCAATTGATATATTATTTTTGTTTTTCTTTATGCCATTCA
0.18404234945774078	0.32306969165802	0.5369999408721924	0.33739897739887237	Pf3D7_05_v3-1322131-1322313	TTTCCAATAGAAACTAGATTACGATTTTCTTCATGAGGTAAATTGACATTCATCTTATATGTATAATTAAGGATGAGTAATAAATTGTTTAGAAATATTTTTATTTAATAATTTATATGTATTATTAATAATTCTGAATTTATCAATTGATATATTATTTTTGTTTTTCTTTATGCCATTCA
0.13131602108478546	0.30059725046157837	0.49269336462020874	0.2977043882906438	Pf3D7_05_v3-1322131-1322313	TTTCCAATAGAAACTATATTACGATTTCCTTCATGAGGTAAATTGACATTCATCTTATATGTATAATTAAGGATGAGTAATAAATTGTATAAAAATATTTTTATTTAATAATTTATATGTATTATTAATAATTCTGAATTTATCAATTGATATATTATTTTTGTTTTTCTTTATGCCATTCA
2.2475714865632934e-12	1.1526412890816573e-6	0.021253526210784912	0.002294158108340262	Pf3D7_05_v3-1322131-1322313	TTTCCAATAGAAACTATATTACGATTTCCTTCATGAGGTAAATTGACATTCATCTTATATGTATAATTAAGGATGAGTAATAAATTGTTTAGAAATATTTTTATTTAATAATTTATATGTATTATTAATAATTCTGAATTTATCAATTGATATATTATTTTTGTTTTTCTTTATGCCATTCA
0.13273152709007263	0.27103155851364136	0.4735036790370941	0.27727894546091547	Pf3D7_05_v3-1322131-1322313	TTTCCAATAGAAACTATATTACGATTTTCTTCATGAGGTAAATTGACATTCATCTTATATGTATAATTAAGGATGAGTAATAAATTGTATAAAAATATTTTTATTTAATAATTTATATGTATTATTAATAATTCTGAATTTATCAATTGATATATTATTTTTGTTTTTCTTTATGCCATTCA
0.2194392830133438	0.36168423295021057	0.5629528760910034	0.3652278307080265	Pf3D7_06_v3-0532194-0532380	AAGAACAATTGCTAAACACCAAATTGGGTGAAACAAAAAACCACCTGAACAGAACCCCATTTATACCTGAATCGGTCATACGAGAAAGGAAATTACGCCAAGAAAAAGCGCAATCCACAAACAACATGTTCGATTCAACAAACGCAGATAGTATTACTTCCCCATGTGATCCAACGAATGCCACGG
1.5098661605922674e-12	1.9038206744426134e-7	0.010814459598623179	9.57786910128365e-4	Pf3D7_06_v3-0532194-0532380	AAGAACAATTGCTAAACACCAAATTGGGTGAAACAAAAAACCACCTGAACAGAACCCCATTTATACCTGAATCGGTCATACGAGAAAGGAAATTACGCCAAGAAAAAGCGCAATCCACAAACAACATGTTCGATTCAACAAACGCAGATAGTATTACTTCTCCATGTGATCCAACGAATGCCACGG
1.01284150337555e-12	1.7173960821167955e-12	5.395841325833706e-12	1.4960248623349713e-11	Pf3D7_06_v3-0532194-0532380	AAGAACAATTGCTAAACACCAAATTGGGTGAAACAAAAAACCACCTGAACAGAACCCCATTTATACCTGAATCGGTCATACGAGAAAGGAAATTACGCCAAGAAAAAGCTCAATCCACAAACAACATGTTCGATTCAACAAACGCAGATAGTATTACGTCCCCATGTGATCCAACGAATGCCACGG
0.025521315075457095	0.08021712303161621	0.2819206714630127	0.10026181316562005	Pf3D7_06_v3-0532194-0532380	AAGAACAATTGCTAAACACCAAATTGGGTGAAACAAAAAACCACCTGAACAGAACCCCATTTATACCTGAATCGGTCATACGAGAAAGGAAATTACGCCAAGAAAAAGCTCAATCCACAAACAACATGTTCGATTCAACAAACGCAGATAGTATTACTTCCCCATGTGATCCAACGAATGCCACGG
0.3320714235305786	0.5473331809043884	0.6982461214065552	0.5335525683462619	Pf3D7_06_v3-0532194-0532380	AAGAACAATTGCTAAACACCAAATTGGGTGAAACAAAAAACCACCTGAACAGAACTCCATTTATACCTGAATCGGTCATACGAGAAAGGAAATTACGCCAAGAAAAAGCGCAATCCACAAACAACATGTTCGATTCAACAAACGCAGATAGTATTACTTCCCCATGTGATCCAACGAATGCCACGG
0	0	0	0	Pf3D7_07_v3-0105200-0105414	TGACTACTAACAGAGTGACTACCTACGCTATGTTGAGATGAATTCCTTCCATCTGAATTACTTCCAGATAGGTGATTTTCTGTACTTCCATCTGAATTGTTTTTATATAATTGACTTTCCTTTTGTCCATCTAAATTATGCACTGCACTATGAGTTCCTTCACCCAAATTATTACTGTTTGTTGTATCATCATTTAAATCAAATCCATTTCTTT
1	1	1	1	Pf3D7_07_v3-0105200-0105414	TGACTACTAACAGAGTGACTACCTACGCTATGTTGAGATGAATTCCTTCCATCTGAATTACTTCCAGATAGGTGATTTTTTGTACTTCCATCTGAATTGTTTTCATATAATTGACTTTCCTTTTGTCCATCTAAATTATGCACTGCACTATGAGTTCCTTCACCCAAATTATTACTGTTTGTTGTATCATCATTTAAATCAAATCCATTTCTTT
1.0587878230411407e-12	3.923151936646718e-8	0.020158726442605208	0.0017600362067933498	Pf3D7_07_v3-0403499-0403683	TTTAGGTGGAGGTTCTTGTCTTGGTAAATGTGCTCATGTGTTTAAACTTATTTTTAAAGAGATTAAGGATAATATTTTTATTTATATTTTAAGTATTATTTATTTAAGTGTATGTGTAATGAATAAAATTTTTGCTAAAAGAACTTTAAACAAAATTGGTAACTATAGTTTTGTAACATCCGAA
0.5403035283088684	0.7354139089584351	0.8898292183876038	0.7335161405205726	Pf3D7_07_v3-0403499-0403683	TTTAGGTGGAGGTTCTTGTCTTGGTAAATGTGCTCATGTGTTTAAACTTATTTTTAAAGAGATTAAGGATAATATTTTTATTTATATTTTAAGTATTATTTATTTAAGTGTATGTGTAATTGAAACAATTTTTGCTAAAAGAACTTTAAACAAAATTGGTAACTATAGTTTTGTAACATCCGAA
3.665390267779817e-12	2.3216988331853372e-8	0.012776007759384759	0.0011882223766026116	Pf3D7_07_v3-0403499-0403683	TTTAGGTGGAGGTTCTTGTCTTGGTAAATGTGCTCATGTGTTTAAACTTATTTTTAAAGAGATTAAGGATAATATTTTTATTTATATTTTAAGTATTATTTATTTAAGTGTATGTGTAATTGAAACAATTTTTGCTAAAAGAACTTTAAACAAAATTGGTAACTATAGTTTTGTATCATCCGAA
0.10807170998305082	0.2642009109258652	0.459659218788147	0.26353560087084776	Pf3D7_07_v3-0403499-0403683	TTTAGGTGGAGGTTCTTGTCTTGGTAAATGTGCTCATGTGTTTAAACTTATTTTTAAAGAGATTAAGGATAATATTTTTATTTATATTTTAAGTATTATTTATTTAAGTGTATGTGTAATTGATACAATTTTTGCTAAAAGAACTTTAAACAAAATTGGTAACTATAGTTTTGTAACATCCGAA
2.372211368312227e-12	2.836489443325263e-7	0.011607581749558449	0.0010584115321175687	Pf3D7_07_v3-0403507-0403717	GAGGTTCTTGTCTTGGTAAATGTGCTCATGTGTTTAAACTTATTTTTAAAGAGATTAAGGATAATATTTTTATTTATATTTTAAGTATTATTTATTTAAGTGTATGTGTAATGAATAAAATTTTTGCTAAAAGAACTTTAAACAAAATTGGTAACTATAGTTTTGTAACATCCGAAACTCACAACTTTATTTGTATGATTATGTTCTTTA
0.5530914664268494	0.6944588422775269	0.8592968583106995	0.7001320676207543	Pf3D7_07_v3-0403507-0403717	GAGGTTCTTGTCTTGGTAAATGTGCTCATGTGTTTAAACTTATTTTTAAAGAGATTAAGGATAATATTTTTATTTATATTTTAAGTATTATTTATTTAAGTGTATGTGTAATTGAAACAATTTTTGCTAAAAGAACTTTAAACAAAATTGGTAACTATAGTTTTGTAACATCCGAAACTCACAACTTTATTTGTATGATTATGTTCTTTA
0.0037237282376736403	0.03084099292755127	0.13619402050971985	0.0418356254884274	Pf3D7_07_v3-0403507-0403717	GAGGTTCTTGTCTTGGTAAATGTGCTCATGTGTTTAAACTTATTTTTAAAGAGATTAAGGATAATATTTTTATTTATATTTTAAGTATTATTTATTTAAGTGTATGTGTAATTGAAACAATTTTTGCTAAAAGAACTTTAAACAAAATTGGTAACTATAGTTTTGTAACATCCGAAACTCTCAACTTTATTTGTATGATTATGTTCTTTA
1.0133149744642744e-12	1.4851006709115655e-12	4.185606722328927e-12	1.7863728353538866e-12	Pf3D7_07_v3-0403507-0403717	GAGGTTCTTGTCTTGGTAAATGTGCTCATGTGTTTAAACTTATTTTTAAAGAGATTAAGGATAATATTTTTATTTATATTTTAAGTATTATTTATTTAAGTGTATGTGTAATTGAAACAATTTTTGCTAAAAGAACTTTAAACAAAATTGGTAACTATAGTTTTGTATCATCCGAAACTCACAACTTTATTTGTATGATTATGTTCTTTA
0.11838947236537933	0.2558862268924713	0.42138296365737915	0.25697389488667277	Pf3D7_07_v3-0403507-0403717	GAGGTTCTTGTCTTGGTAAATGTGCTCATGTGTTTAAACTTATTTTTAAAGAGATTAAGGATAATATTTTTATTTATATTTTAAGTATTATTTATTTAAGTGTATGTGTAATTGATACAATTTTTGCTAAAAGAACTTTAAACAAAATTGGTAACTATAGTTTTGTAACATCCGAAACTCACAACTTTATTTGTATGATTATGTTCTTTA
3.9253821547402534e-12	1.0385864257500543e-7	0.013021372258663177	0.0013278279544222619	Pf3D7_07_v3-0403833-0404021	ACCTACCAATATAAAACATTACACATATATATATATATATATATGTATGTATGTTGATTAATTTGTTTATATATTTATATTTATTTCTTATGACCTTTTTAGGAACGACACCGAAGCTTTAATTTACAATTTTTTGCTATATCCATGTTAGATGCCTGTTCAGTCATTTTGGCCTTCATAGGTCTT
0.033744316548109055	0.12261049076914787	0.326670378446579	0.13070369283668684	Pf3D7_07_v3-0403833-0404021	ATATAAAACATTACACATATATATATATATATATATATATATATATATGTATGTATGTTGATTAATTTGTTTATATATTTATATTTATTTCTTATGACCTTTTTAGGAACGACACCGAAGCTTTAATTTACAATTTTTTGCTATATCCATGTTAGATGCCTGTTCAGTCATTTTGGCCTTCATAGGTCTT
0.09839388728141785	0.20131509006023407	0.3558203876018524	0.21004533085972057	Pf3D7_07_v3-0403833-0404021	ATATAAAACATTACACATATATATATATATATATATATATATATATATGTATGTATGTTGATTAATTTGTTTATATATTTATATTTATTTCTTATGACCTTTTTAGGAACGACACCGAAGCTTTAATTTACAATTTTTTGCTATATCCATGTTAGATGCCTGTTCAGTCATTTTGTTCTTCATAGGTATT
2.0960102143502413e-12	8.144520791120158e-8	0.021008705720305443	0.00193020572911956	Pf3D7_07_v3-0403833-0404021	ATATAAAACATTACACATATATATATATATATATATATATATATATGTATGTATGTTGATTAATTTGTTTATATATTTATATTTATTTCTTATGACCTTTTTAGGAACGACACCGAAGCTTTAATTTACAATTTTTTGCTATATCCATGTTAGATGCCTGTTCAGTCATTTTGGCCATCATAGGTCTT
0.39227765798568726	0.5883728861808777	0.7581661269068717	0.5753522984981537	Pf3D7_07_v3-0403833-0404021	ATATAAAACATTACACATATATATATATATATATATATATATATATGTATGTATGTTGATTAATTTGTTTATATATTTATATTTATTTCTTATGACCTTTTTAGGAACGACACCGAAGCTTTAATTTACAATTTTTTGCTATATCCATGTTAGATGCCTGTTCAGTCATTTTGGCCTTCATAGGTCTT
0.00868094153702259	0.07247091829776764	0.2128746658563614	0.07914359520934532	Pf3D7_07_v3-0403833-0404021	ATATAAAACATTACACATATATATATATATATATATATATATATATGTATGTATGTTGATTAATTTGTTTATATATTTATATTTATTTCTTATGACCTTTTTAGGAACGACACCGAAGCTTTAATTTACAATTTTTTGCTATATCCATGTTAGATGCCTGTTCAGTCATTTTGTTCTTCATAGGTATT
1.2698936954075313e-12	4.6195532377169e-7	0.017962651327252388	0.0014970502824941956	Pf3D7_07_v3-0403833-0404021	ATATAAAACATTACACATATATATATATATATATATATATATATATGTATGTATGTTGATTAATTTGTTTATATATTTATATTTATTTCTTATGACCTTTTTAGGAACGACACCGAAGCTTTAATTTACAGTTTTTTGCTATATCCATGTTAGATGCCTGTTCAGTCATTTTGGCCTTCATAGGTCTT
1.0492686363869352e-12	2.231331655902502e-12	2.182073098599968e-11	6.172924320248419e-12	Pf3D7_07_v3-0403833-0404021	ATATAAAACATTACACATATATATATATATATATATATATATGTATGTATGTTGATTAATTTGTTTATATATTTATATTTATTTCTTATGACCTTTTTAGGAACGACACCGAAGCTTTAATTTACAATTTTTTGCTATATCCATGTTAGATGCCTGTTCAGTCATTTTGGCCTTCATAGGTCTT
1.035783112925126e-12	1.622135206106462e-12	1.9118829783226765e-11	2.861780206797451e-12	Pf3D7_07_v3-0403833-0404021	ATATATATATATATATATATATATATATATATATATATATATATATGTATGTATGTTGATTAATTTGTTTATATATTTATATTTATTTCTTATGACCTTTTTAGGAACGACACCGAAGCTTTAATTTACAATTTTTTGCTATATCCATGTTAGATGCCTGTTCAGTCATTTTGGCCTTCATAGGTCTT
1.4988684121988727e-12	1.4988684121988727e-12	1.4988684121988727e-12	1.4988684121988727e-12	Pf3D7_07_v3-0404808-0404981	CCTGTATACACCCTTCCATTTTTAAAACAACGTAAGAATTAATTAGGAAAGAAAAAATAAAATAAAATGAAATGTGCCCATATATATATATATATATATATATATATATATATATATATATGTATGTATGTATGTATGTATAATTTTCCCTTTTTAGTTCATTTACCATATAATGAAATATGGACAAATATAAAAAATGGTTT
5.52411588694568e-12	5.52411588694568e-12	5.52411588694568e-12	5.52411588694568e-12	Pf3D7_07_v3-0404808-0404981	CCTGTATACACCCTTCCATTTTTAAAACAACGTAAGAATTAATTAGGAAAGAAAAAATAAAATAAAATGAAATGTGCCCATATATATATATATATATATATATATATATGTATGTATGTATAATTTTCCCTTTTTAGTTCATTTACCATATAATGAAATATGGACAAATATAAAAAATGGTTT
2.2044170655544093e-10	2.2044170655544093e-10	2.2044170655544093e-10	2.2044170655544093e-10	Pf3D7_07_v3-0404808-0404981	CCTGTATACACCCTTCCATTTTTAAAACAACGTAAGAATTAATTAGGAAAGAAAAAATAAAATAAAATGAAATGTGCCCATATATATATATATATATATATATGTATGTATGTATGTATGTATAATTTTCCCTTTTTAGTTCATTTACCATATAATGAAATATGGACAAATATAAAAAATGGTTT
2.38790480722173e-8	2.38790480722173e-8	2.38790480722173e-8	2.38790480722173e-8	Pf3D7_07_v3-0404808-0404981	CCTGTATACACCCTTCCATTTTTAAAAGAACGTAAGAATTAATTAGGAAAGAAAAAATAAAATAAAATGAAATGTGCCCATATATATATATATATATATATATATATATATATATATATGTATGTATGTATAATTTTCCCTTTTTAGTTCATTTACCATATAATGAAATATGGACAAATATAAAAAATGGTTT
2.0656852964262562e-11	2.0656852964262562e-11	2.0656852964262562e-11	2.0656852964262562e-11	Pf3D7_07_v3-0404808-0404981	CCTGTATACACCCTTCCATTTTTAAAAGAACGTAAGAATTAATTAGGAAAGAAAAAATAAAATAAAATGAAATGTGCCCATATATATATATATATATATATATATATATATATATGTATGTATGTATAATTTTCCCTTTTTAGTTCATTTACCATATAATGAAATATGGACAAATATAAAAAATGGTTT
1	1	1	1	Pf3D7_07_v3-0404808-0404981	CCTGTATACACCCTTCCATTTTTAAAAGAACGTAAGAATTAATTAGGAAAGAAAAAATAAAATAAAATGAAATGTGCCCATATATATATATATATATATATATATATATATATGTATGTATGTATAATTTTCCCTTTTTAGTTCATTTACCATATAATGAAATATGGACAAATATAAAAAATGGTTT
2.9451330697122247e-12	1.1509924888741807e-6	0.008326398208737373	0.0012542404561764733	Pf3D7_07_v3-0405357-0405543	TTTAACATTTGTGATAATTTAATAACCAGCTATGTAAGAATAAAAAGGATGAAAAACGTTGATACATACAAGAGGAAATAAATATGGGAATGTTTAATTGAATTAAGATATATATATATATATATATATATATATATATATATATGTAACCATATAATTTTTCATTTTCTATGCTTTTTATAGATTAT
0.12633396685123444	0.24124525487422943	0.4286940395832062	0.24843182069808273	Pf3D7_07_v3-0405357-0405543	TTTAACATTTGTGATAATTTAATAACCAGCTATGTAAGAATAAAAAGGATGAAAAACGTTGATACATACAAGAGGAAATAAATATGGGAATGTTTAATTGAATTAAGATATATATATATATATATATATATATATATGTAACCATATAATTTTTCATTTTCTATGCTTTTTATAGATTAT
1.0704401259701083e-12	1.9032299607840697e-12	3.2670130489798055e-11	4.601334953140661e-12	Pf3D7_07_v3-0405357-0405543	TTTAACATTTGTGATAATTTAATAACCAGCTATGTAAGAATAAAAAGGATGAAAAACGTTGATACATACAAGAGGAAATAAATATGGGAATGTTTAATTGAATTAAGATATATATATATATATATATATATGTAACCATATAATTTTTCATTTTCTATGCTTTTTATAGATTAT
1.020696312301235e-12	1.5922384938305e-12	2.7229578791407304e-11	4.087006861522471e-12	Pf3D7_07_v3-0405357-0405543	TTTAACATTTGTGATAATTTAATAACCAGCTATGTAAGAATAAAAAGGATGAAAAACGTTGATACATACAAGAGGAAATAAATATGGGAATGTTTAATTGAATTAAGATATATATATATATATATATATATGTAACCATATAATTTTTCATTTTCTATTCTTTTTATAGATTAT
0.15099796019494535	0.25769665837287903	0.4435354471206665	0.27655870915949343	Pf3D7_07_v3-0405357-0405543	TTTAACATTTGTGATAATTTAATAAGCAGCTATGTAAGAATAAAAAGGATGAAAAACGTTGATACATACAAGAGGAAATAAATATGGGAATGTTTAATTGAATTAAGATATATATATATATATATATATATATATATGTAACCATATAATTTTTCATTTTCTATGCTTTTTATAGATTAT
1.8553936598914023e-12	2.951469184608868e-7	0.0038719945587217808	4.373901154412694e-4	Pf3D7_07_v3-0405357-0405543	TTTAGCATTTGTGATAATTTAATAACCAGCTATGTAAGAATAAAAAGGATGAAAAACGTTGATACATACAAGAGGAAATAAATATGGGAATGTTTAATTGAATTAAGATATATATATATATATATATATATATATATATGTAACCATATAATTTTTCATTTTCTATGCTTTTTATAGATTAT
0.2837862141430378	0.48031283915042877	0.647292050719261	0.4733178430497645	Pf3D7_07_v3-0405357-0405543	TTTAGCATTTGTGATAATTTAATAACCAGCTATGTAAGAATAAAAAGGATGAAAAACGTTGATACATACAAGAGGAAATAAATATGGGAATGTTTAATTGAATTAAGATATATATATATATATATATATATATATATGTAACCATATAATTTTTCATTTTCTATGCTTTTTATAGATTAT
0.2197849154472351	0.41491419076919556	0.5582572817802429	0.3952732794582843	Pf3D7_07_v3-0405549-0405743	ATTTTCTACCATGACATATACTATTGTTAGTTGTATACAAGGTCCAGCAACAGCAATTGCTTATTACTTTAAATTCTTAGCCGTAAGAATTAAAAAGATATAAATATATAAATATATATGTGAAATATATGATATATATGATATATATTTTTTATATGTAATGTTTTTTTTTTTTTTTCACAATATACATTTAAA
1.002444004541414e-12	2.083347383496914e-12	1.70999310197816e-11	3.646174250439099e-12	Pf3D7_07_v3-0405549-0405743	ATTTTCTACCATGACATATACTATTGTTAGTTGTATACAAGGTCCAGCAATAGCAATTGCTTATTACTTTAAATTCTTAGCCGTAAGAATTAAAAAGATATAAATATATAAATATATATATGATATATATCATATATATTTTTTATATGTAATTTTTTTTTTTTTTCACAATATACATTTAAA
0.44174274802207947	0.5850858688354492	0.7802150249481201	0.6047267218530179	Pf3D7_07_v3-0405549-0405743	ATTTTCTACCATGACATATACTATTGTTAGTTGTATACAAGGTCCAGCAATAGCAATTGCTTATTACTTTAAATTCTTAGCCGTAAGAATTAAAAAGATATAAATATATAAATATATATGTGAAATATATGATATATATGATATATATTTTTTATATGTAATGTTTTTTTTTTTTTTTCACAATATACATTTAAA
0.23222047090530396	0.4052497446537018	0.6213885769248008	0.41457846531271925	Pf3D7_07_v3-0405597-0405815	AACAGCAATTGCTTATTACTTTAAATTCTTAGCCGTAAGAATTAAAAAGATATAAATATATAAATATATATGTGAAATATATGATATATATGATATATATTTTTTATATGTAATGTTTTTTTTTTTTTTTCACAATATACATTTAAATGTTTATGATGGTACAACGTATCATATTTTATAATAATTTTATGCATTCATGTATATTATTTTTACTTTTTA
1.0291668911402777e-12	2.169816409880454e-12	5.5676669871717954e-11	1.1509246556013334e-11	Pf3D7_07_v3-0405597-0405815	AATAGCAATTGCTTATTACTTTAAATTCTTAGCCGTAAGAATTAAAAAGATATAAATATATAAATATATATATGATATATATCATATATATTTTTTATATGTAATTTTTTTTTTTTTTCACAATATACATTTAAATGTTTATGATGGTACAACGTATCATATTTTATAATAATTTTATGCATTCATGTATATTATTTTTACTTTTTA
0.3786113947629929	0.594750314950943	0.767779529094696	0.585421532124281	Pf3D7_07_v3-0405597-0405815	AATAGCAATTGCTTATTACTTTAAATTCTTAGCCGTAAGAATTAAAAAGATATAAATATATAAATATATATGTGAAATATATGATATATATGATATATATTTTTTATATGTAATGTTTTTTTTTTTTTTTCACAATATACATTTAAATGTTTATGATGGTACAACGTATCATATTTTATAATAATTTTATGCATTCATGTATATTATTTTTACTTTTTA
0.0015901793958619237	0.020123757421970367	0.10840507131069897	0.028309847215327907	Pf3D7_07_v3-0432855-0433064	GTTGAAAAAGTCATCATCAGAATGGGGATGATTATTATTGTTATTATGAGTTTGGTTCGTATTAATATTATGATCCTTTTCGTTATTTAATTTATGTTCATTTATATTTTTATAAATAAATAATTTTCCAAGAAGTATACCATTAATAAACTTACTAGTTAACATATTAGACTGCTCAATATTTGTACATTTTTTTAAAGTATGTATTA
0.03832974284887314	0.11619282141327858	0.2520159408450126	0.12647379617579282	Pf3D7_07_v3-0432855-0433064	GTTGAAAAAGTCATCATCAGAATGGGGATGATTATTATTGTTATTATGAGTTTGGTTCGTATTAATATTATGATCCTTTTCGTTATTTAATTTATGTTCATTTATATTTTTATAAATAAATAATTTTCCAAGAAGTATACCATTAATAAACTTACTAGTTAACATATTAGACTGCTCAATATTTGTACATTTTTTTAATGTATGTATTA
0.6968014538288116	0.8516348004341125	0.9441567286849022	0.845216357588768	Pf3D7_07_v3-0432855-0433064	GTTGAAAAAGTCATCATCAGAATGGGGATGATTATTATTGTTATTATGAGTTTGGTTCGTATTAATATTATGCTCCTTTTCGTTATTTAATTTATGTTCATTTATATTTTTATAAATAAATAATTTTCCAAGAAGTATACCATTAATAAACTTACTAGTTAACATATTAGACTGCTCAATATTTGTACATTTTTTTAATGTATGTATTA
0.08451670911163092	0.19744950532913208	0.3315083555877208	0.19834633265063165	Pf3D7_07_v3-0627381-0627592	ATCACTAAGATAATTATTATTACCATTTTCAGCATAATAAAACTTCTGATGTTTTATAAGAGGAGTTTGGTTAGAAGCAAAATTATCAGCAGTTGTCGAATAATTATTATGTTCTTGATAAAAGAGATTATTCATATAGTTATTATTATTTTTCATATCATCCATAGTATTATTGTTAATATAAAATTCCTCATATGAATTATATATATAA
0.10644463635981083	0.200980544090271	0.34387670531868936	0.20950378800928587	Pf3D7_07_v3-0627381-0627592	ATCACTAAGATAATTATTATTACCATTTTCAGCATAATAAAACTTCTGATGTTTTATAAGAGGAGTTTGGTTAGAAGCAAAATTATCAGCAGTTGTTGAATAATTATTATGTTCTTGATAAAAGAGATTATTCATATAGTTATTATTATTTTTCATATCATCCATAGTATTATTGTTAATATAAAATTCCTCATATGAATTATATATATAA
1.0135051652093718e-12	1.88535634586956e-12	2.982358457415124e-11	4.258717336788115e-12	Pf3D7_07_v3-0627381-0627592	ATCACTAAGATAATTATTATTACTATTTTCAGCATAATAAAACTTCTGATGTTTTATAAGAGGAGTTTGGTTAGAAGCAAAATTATCAGCAGTTGTCGAATAATTATTATGTTCTTGATAAAAGAGATTATTCATATAGTTATTATTATTTTTCATATCATCCATAGTATTATTGTTAATATAAAATTCCTCATATGAATTATATATATAA
7.68657847947907e-4	0.014300740789622068	0.12600794546306116	0.02864028511843661	Pf3D7_07_v3-0627381-0627592	ATCACTAAGATAATTATTATTACTATTTTCAGCATAATAAAATTTCTGATGTTTCATAAGAGGAGTTTGGTTAGAAGCAAAATTATCAGCAGTTGTCGAATAATTATTATGTTCTTGATAAAAGAGATTATTCATATAGTTATTATTATTTTTCATATCATCCATAGTATTATTGTTAATATAAAATTCCTCATATGAATTATATATATAA
0.38436102867126465	0.5648910105228424	0.7206931620836258	0.5635095920860766	Pf3D7_07_v3-0627381-0627592	ATCACTAAGATAATTATTATTACTATTTTCAGCATAATAAAATTTCTGATGTTTTATAAGAGGAGTTTGGTTAGAAGCAAAATTATCAGCAGTTGTCGAATAATTATTATGTTCTTGATAAAAGAGATTATTCATATAGTTATTATTATTTTTCATATCATCCATAGTATTATTGTTAATATAAAATTCCTCATATGAATTATATATATAA
0.6372101113200188	0.7973531484603882	0.9085384011268616	0.7912157057523728	Pf3D7_07_v3-0729507-0729725	ATGAATGTTCAGAAATTTTATATCACTTAAATCGTTTGAGTGAGTTAGATCAAATATTGTTGAAAGATAAAATAAGTATATATGAGTATCAGCTAAAGGACACGTTTTTAACAACGTATGATATAGGTTGTTTATTAAAAATAGCTCAAGTGTTGAATGAACAAAATTATTATGATAACATTCCATTTTTGCATATATTTTTATATAACATACATAAA
0.09146155528724194	0.2026468813419342	0.36278986036777483	0.20878429812937976	Pf3D7_07_v3-0729507-0729725	ATGAATGTTCAGAAATTTTATATCACTTAAATCGTTTGAGTGCGTTAGATCAAATATTGTTGAAAGATAAAATAAGTATATATGAGTATCAGCTAAAGGACACGTTTTTAACAACGTATGATATAGGTTGTTTATTAAAAATAGCTCAAGTGTTGAATGAACAAAATTATTATGATAACATTCCATTTTTGCATATATTTTTATATAACATACATAAA
0.7364830732345581	0.8671820163726807	0.9582842960953711	0.8598301871418952	Pf3D7_07_v3-0896645-0896816	TACAATGAAAAAATGTATTAATGATGAATTATATAAAATAAAAATAAATGTAGGTTTATATAAAAAGGATAGAAAAAAATTATCCTTTTTTATATTGTTGCATAAATTTTATTTAGATAATTATAATATTGTTATTAATAAATTAAAAAATATGAATAATTTAATAGAAAA
0.041715735942125326	0.13281796872615814	0.26351695507764794	0.14016981229186054	Pf3D7_07_v3-0896645-0896816	TACAATGAAAAAATTTATTAATGATGAATTATATAAAATAAAAATAAATGTAGGTTTATATAAAAAGGATAGAAAAAAATTATCCTTTTTTATATTGTTGCATAAATTTTATTTAGATAATTATAATATTGTTATTAATAAATTAAAAAATATGAATAATTTAATAGAAAA
0.18092972040176392	0.34347987174987793	0.5426653027534485	0.3445440809130668	Pf3D7_08_v3-0336453-0336618	TTAACAACGAACCCATAAATTTACAAAAAAATTTAGATTTAATCATATGGCTAAAAAAGAATATAAAAGAAGGAGAAGCTTTAATTTCTGATATACCTACATCAAGTTTTTTAAGGTGTACTACAAATTATAAATTTGTATTGCATCCCCAATATGAAGATAGTA
1.4671060319295522e-12	1.3292187794888832e-8	0.005145959090441465	6.735137781467516e-4	Pf3D7_08_v3-0336453-0336618	TTAACAACGAACCCATAAATTTACAGAAAAATTTAGATTTAATCATATGGCTAAAAAAGAATATAAAAGAAGGAGAAGCTTTAATTTCTGATATACCCACATCAAGTTTTTTAAGGTGTACTACAAATTATAAATTTGTATTGCATCCACAATATGAAGATAGTA
0.4573344588279724	0.655918151140213	0.8190412521362305	0.6547824071347714	Pf3D7_08_v3-0336453-0336618	TTAACAACGAACCCATAAATTTACAGAAAAATTTAGATTTAATCATATGGCTAAAAAAGAATATAAAAGAAGGAGAAGCTTTAATTTCTGATATACCTACATCAAGTTTTTTAAGGTGTACTACAAATTATAAATTTGTATTGCATCCCCAATATGAAGATAGTA
0.057694870978593826	0.1649462953209877	0.31417210102081294	0.17217304427549238	Pf3D7_08_v3-0549609-0549776	AACGTGCTGTTCAAAGAATGTTTGAAATGATAAATGAAGGTGCTAGTGTTATAGATATAGGTGGAGAATCCGCTGGTCCTTTTGTTATACCTAATCCAAAAATTAGTGAAAGAGATTTAGTAGTACCTGTATTACAATTATTTCAAAAAGAATGGAATGATATAAAA
0.2648179233074188	0.46052709221839905	0.6474084854125977	0.4630582799166441	Pf3D7_08_v3-0549609-0549776	AACGTGCTGTTCAAAGAATGTTTGAAATGATAAATGAAGGTGCTAGTGTTATAGATATAGGTGGAGAATCCTCTGCTCCTTTTGTTATACCTAATCCAAAAATTAGTGAAAGAGATTTAGTAGTACCTGTATTACAATTATTTCAAAAAGAATGGAATGATATAAAA
0.2032104730606079	0.3604471981525421	0.54520583152771	0.3647686738967895	Pf3D7_08_v3-0549609-0549776	AACGTGCTGTTCAAAGAATGTTTGAAATGATAAATGAAGGTGCTAGTGTTATAGATATAGGTGGAGAATCCTCTGGTCCTTTTGTTATACCTAATCCAAAAATTAGTGAAAGAGATTTAGTAGTACCTGTATTACAATTATTTCAAAAAGAATGGAATGATATAAAA
0.001029279371141456	0.023306313902139664	0.13277338743209838	0.03350334769661822	Pf3D7_08_v3-0549988-0550182	GGATAAACTAACAAATTATAATAATCTAGTTTATGATATAAAAAATTATTTAGAACAAAGATTAAATTTTCTTGTATTAAATGGAATACCTCGTTATAGGATACTATTTGATATTGGATTAGGATTTGCGAAGAAACATGATCAATCTATTAAACTCTTACAAAATATACATGTATATGATGAGTATCCACTTT
0.5692786544561387	0.7462367713451385	0.8922662332653999	0.7442770252823832	Pf3D7_08_v3-0549988-0550182	GGATAAACTAACAAATTATGATAATCTAGTTTATGATATAAAAAATTATTTAGAACAAAGATTAAATTTTCTTGTATTAAATGGAATACCTCGTTATAGGATACTATTTGATATTGGATTAGGATTTGCGAAGAAACATGATCAATCTATTAAACTCTTACAAAATATACATGTATATGATGAGTATCCACTTT
0.06041795751079917	0.18611836433410645	0.3386664390563965	0.18664102517068387	Pf3D7_08_v3-0549988-0550182	GGATAATCTAACAAATTATGATAATCTAGTTTATGATATAAAAAATTATTTAGAACAAAGATTAAATTTTCTTGTATTAAATGGAATACCTCGTTATAGGATACTATTTGATATTGGATTAGGATTTGGGAAGAAACATGATCAATCTATTAAACTCTTACAAAATATACATGTATATGATGAGTATCCACTTT
4.934587050229311e-4	0.026802456006407738	0.12589508295059204	0.03557860620411878	Pf3D7_08_v3-0549988-0550182	GGATGAACTAACAAATTATGATAATCTAGTTTATGATATAAAAAATTATTTAGAACAAAGATTAAATTTTCTTGTATTAAATGGAATACCTCGTTATAGGATACTATTTGATATTGGATTAGGATTTGCGAAGAAACATGATCAATCTATTAAACTCTTACAAAATATACATGTATATGATGAGTATCCACTTT
0.6874060317873955	0.8416368365287781	0.9431478440761565	0.8312867357134819	Pf3D7_08_v3-0550089-0550294	TACTATTTGATATTGGATTAGGATTTGCGAAGAAACATGATCAATCTATTAAACTCTTACAAAATATACATGTATATGATGAGTATCCACTTTTTATTGGATATTCAAGAAAAAGATTTATTGCCCATTGCATGAATGATCAAAATGTTGTAATAAATACACAACAAAAATTACATGATGAACAACAAAATGAAAATAAAAATAT
0.05685211950913072	0.15836317837238312	0.3125939384102821	0.16871326401457193	Pf3D7_08_v3-0550089-0550294	TACTATTTGATATTGGATTAGGATTTGGGAAGAAACATGATCAATCTATTAAACTCTTACAAAATATACATGTATATGATGAGTATCCACTTTTTATTGGATATTCAAGAAAAAGATTTATTGCCCATTGCATGAATGATCAAAATGTTGTAATAAATACACAACAAAAATTACATGATGAACAACAAAATGAAAATAAAAATAT
3.0221084301729206e-8	2.2452966732089408e-5	0.03156318888068199	0.003578245694576676	Pf3D7_08_v3-1099750-1099944	AAAAAAATAAAAAATCAAACAAGATAAATAATAATGTATATAATACTAGTGGTATAAAAAATAATGATCAAAATATGGATAATATGAATCAAAAAGGAAAAAGTAACAAAAATTCAAATAAATATAATTTTGATGAAGAGGACTTATGGTTTTTATGTGATTTATGTAATAATCCTATAAGTCCGTTATGTTAC
0.8836336135864258	0.9742483496665955	0.997738990187645	0.9647803198695183	Pf3D7_08_v3-1099750-1099944	AAAAAAATAAAAAATCAAACAAGATAAATAATAATGTATATAATACTAGTGGTATAAAAAATAATGATCAAAATATGGATAATATGAATCAAAAAGGAAAAAGTAACAAAAATTCAAATAAATATAATTTTGATGAAGAGGATTTATGGTTTTTATGTGATTTATGTAATAATCCTATAAGTCCGTTATGTTAT
7.313961221370846e-4	0.02488855831325054	0.10009550303220749	0.03164143105051152	Pf3D7_08_v3-1099750-1099944	AAAAAAATAAAAAATCAAACAAGATAAATAATAATGTATATAATACTAGTGGTATAAAAAATAATGATCAAAATATGGATAATATGAATCAAAAAGGGAAAAGTAACAAAAATTCAAATAAATATAATTTTGATGAAGAGGACTTATGGTTTTTATGTGATTTATGTAATAATCCTATAAGTCCGTTATGTTAC
0	0	0	0	Pf3D7_08_v3-1176345-1176524	TTACATCCAATGAATATTTTACACTTAAAAGAAATAAACAAATTATTCATAATAAAATACATATACTCTCTATGCAAAAAAATAAACAAAATACAAACGAGCTAAACAAATCATGTAATATTAACGCCATCATATTTAATATTAATTCTGATGATTTTGAGGTAGGCGATGAAATTGTG
1	1	1	1	Pf3D7_08_v3-1176345-1176524	TTACATCCAATGAATATTTTACACTTAAAAGAAATAAACAAATTATTCATAATAAAATACATATACTTTCTATGCAAAAAAATAAACAAAATACAAACGAGCTAAACAAATTATGTAATATTAACGCCATCATATTCAATATTAATTCTGATGATTTTGAGGTAGGCGATGAAATTGTG
0.024890198465436695	0.09028572589159012	0.2135649025440216	0.09795103758759793	Pf3D7_09_v3-0595860-0596063	CATAATTTTTTCATCGTTCTTATACATGAATGATAAAGTCTTTTTGCAAAATTTTTTGAAGAGATCAGATTTGAGATAAAGACGTTTGGCTAATCTATAGGAGAATTCTAGAGCATCTAATTTTATATTTAAACATTTTTTCGTATCCAATATATTATAATTTTGTTCATAAGTCTGTTCGTTTATATTATTTAATACTTTTA
0.7864351272583008	0.9097142219543457	0.9751098155975342	0.9020489587187768	Pf3D7_09_v3-0595860-0596063	CATAATTTTTTCATCGTTCTTATACATTAATGATAAAGTCTTTTTGCAAAATTTTTTGAAGAGATCAGATTTGAGATAAAGACGTTTGGCTAATTTATACGAGAATTCGAGAGCATCTAATTTTATATTTAAACATTTTTTCGTATCCAATATATTATAATTTTGTTCATAAGTCTGTTCATTTATATTATTTAATACTTTTA
1.0275952181185155e-12	1.5426451891072113e-12	2.4936436682915216e-11	4.525926167154284e-12	Pf3D7_10_v3-1414369-1414565	AGACCTGAATGGAAAGGCCAATGTGATAAATTTGAAAAAGAAAAAAGTAAATATGAAGATACTAAAAGTAGAACTGCTGAAATATATTTAAAAGAAATATGTTCTGAATGTGATTGTAAATATAAAGATTTGGATAATACATTTAAAGAATTTAAAGATAACGTTACGCTTCTTAAAGCAGTAATTGATAACAAAA
0.3881419003009796	0.534710168838501	0.7041696310043335	0.540873595893383	Pf3D7_10_v3-1414369-1414565	AGACCTGAATGGAAAGGCCAATGTGATAAATTTGAAAAAGAAAAAAGTAAATATGAAGATACTAAAAGTATAACTGCTGAAAAATATTTAAAAGAAATATGTTCTGAATGTGATTGTAAATATAAAGATTTGGATAATACATTTAAAGAATTTAAAGATAACGTTACACTTCTTAAAGCAGTAATTGATAACAAAA
2.6751476468050983e-12	2.5804104097915115e-7	0.019778026267886162	0.0019632583554506267	Pf3D7_10_v3-1414369-1414565	AGACCTGAATGGAAAGGTCAATATGATAAATTTGAAAAAGAAAAAAGTAAATATGAAGATACTAAAAGTAGAACTGCTGAAATATATTTAAAAGAAATATGTTCTGAATGTGATTGTAAATATAAAGATTTGGATAATACATTTAAAGAATTTAATGATAACGTTACGCTTCTTAAAGCAGTAATTGATAACAAAA
0.24258767068386078	0.3805193603038788	0.5634627938270569	0.38234641076624387	Pf3D7_10_v3-1414369-1414565	AGACCTGAATGGAAAGGTCAATGTGATAAATTTGAAAAAGAAAAAAGTAAATATGAAGATACTAAAAGTAGAACTGCTGAAATATATTTAAAAGAAATATGTTCTGAATGTGATTGTAAATATAAAGATTTGGATAATACATTTAAAGAATTTAAAGATAACGTTACGCTTCTTAAAGCAGTAATTGATAACAAAA
0.006247934885323048	0.06255820393562317	0.1925436556339264	0.07481673402711747	Pf3D7_10_v3-1414369-1414565	AGACCTGAATGGAAAGGTCAATGTGATAAATTTGAAAAAGAAAAAAGTAAATATGAAGATACTAAAAGTAGAACTGCTGAAATATATTTAAAAGAAATATGTTCTGAATGTGATTGTAAATATAAAGATTTGGATAATACATTTAAAGAATTTAATGATAACGTTACGCTTCTTAAAGCAGTAATTGATAACAAAA
0.09230171144008636	0.21308912336826324	0.3540846109390259	0.21469793678075075	Pf3D7_11_v3-0115945-0116151	TACCTCCAGATGTTATAAATATTATATTATCATCATCATTTGGAAGGAAATTCTCCTCTAATGTTTTTAATATTTCATCTATATTTTTAGGTCTCAATTTACTATTGAAAAATTTTGAATACTTCAAAAAATAATCATCATCTTTTACATTACATATATTATCATTATTTTCATTTTGTTTTAGTAGTTCATCTTTTTTATTATCT
0.5232083469629288	0.6852942109107971	0.8318923696875572	0.6872586646080019	Pf3D7_11_v3-0115945-0116151	TACCTCCCGATGTTATAAATATTATATTATCATCATCATTTGGAAGGAAATTCTCCTCTAATGTTTTTAATATTTCATCTATATTTTTAGGTCTCAATTTACTATTGAAAAATTTTGAATACTTCAAAAAATAATCATCATCTTTTACATTACATATATTATCATTATTTTCATTTTGTTTTAGTAGTTCATCTTTTATATTATCT
0.022023397218436002	0.0891152024269104	0.23484431207180023	0.09804339715093377	Pf3D7_11_v3-0115945-0116151	TACCTCCCGATGTTATAAATATTATATTATCATCATCATTTGGAAGGAAATTCTCCTCTAATGTTTTTAATATTTCATCTATATTTTTAGGTCTCAATTTACTATTGAAAAATTTTGAATACTTCAAAAAATAATCATCATCTTTTACATTACATATATTATCATTATTTTCATTTTGTTTTAGTAGTTCATCTTTTTTATTATCT
0.5609930068254471	0.7585919797420502	0.869513376057148	0.7473842369318009	Pf3D7_11_v3-1293943-1294136	ATCCATATCAAAAAAGTGATGTGTATCATCCAATCAACGAACATAGGGAACATCCAAAAGAATACCAATATCCATTACACCAGGAACATACATACCAACAAGAAGATTCAGGAGAAGACGAAAATACATTACAACACGCATATCCAATAGACCACGAAGGTGCCGAACCCGCACCACAAGAACAAAATTTATT
0.015863717813044787	0.06637272983789444	0.1903264820575714	0.07464258781704122	Pf3D7_11_v3-1293943-1294136	ATCCATATCAAAAAAGTGATGTGTATCATCCAATCAACGAACATAGGGAACATCCAAAAGAATACCAATATCCATTACACCAGGAACATACATACCAACAAGAAGATTCAGGAGAAGACGAAAATACATTACAACACGCATATCCAATAGACCACGAAGGTGCTGAACCCGCACCACAAGAACAAAATTTATT
1.025953952869807e-12	1.3093525829538377e-12	1.0787477920486107e-11	2.527163896334437e-12	Pf3D7_11_v3-1293943-1294136	ATCCATATCAAAAAAGTGATGTGTATCATCCAATCAACGAACATAGGGAACATCCAAAAGAATACGAATATCCATTACACCAGGAACATACATACCAACAAGAAGATTCAGGAGAAGACGAAAATACATTACAACACGCATATCCAATAGACCACGAAGGTGCCGAACCCGCACCACAAGAACAAAATTTATT
0.047453586012125015	0.12214727327227592	0.3030295155942436	0.14509016877785322	Pf3D7_11_v3-1293943-1294136	ATCCATATCAAAAAAGTGATGTGTATCATCCAATCAACGAACATAGGGAACATCCAAAAGAATACGAATATCCATTACACCAGGAACATACATACCAACAAGAAGATTCAGGAGAAGACGAAAATACATTACAACACGCATATCCAATAGACCACGAAGGTGCTGAACCCGCACCACAAGAACAAAATTTATT
2.3586133934827558e-8	7.775407539156731e-6	0.0029888007557019587	4.8367118448076354e-4	Pf3D7_11_v3-1293943-1294136	ATCCATATCAAAATAGTGATGTGTATCATCCAATCAACGAACATAGGGAACATCCAAAAGAATACGAATATCCATTACACCAGGAACATACATACCAACAAGAAGATTCAGGAGAAGACGAAAATACATTACAACACGCATATCCAATAGACCACGAAGGTGCCGAACCCGCACCACAAGAACAAAATTTATT
7.274850533576686e-4	0.021612105891108513	0.11868324875831604	0.03239933842451137	Pf3D7_11_v3-1293943-1294136	ATCCATATCAAAATAGTGATGTGTATCGTCCAATCAACGAACATAGGGAACATCCAAAAGAATACGAATATCCATTACACCAGGAACATACATACCAACAAGAAGATTCAGGAGAAGACGAAAATACATTACAACACGCATATCCAATAGACCACGAAGGTGCCGAACCCGCACCACAAGAACAAAATTTATT
1.225049900931141e-12	1.953674200194655e-8	0.022866113111376762	0.0016319258637299968	Pf3D7_11_v3-1294690-1294888	CAAAAGATAAATCATTTCAAAACTATACATATTTAAGTAAAAATGTAGTTGATAACTGGGAAAAAGTTTGCCCTAGAAAGAATTTAGAGAATGCAAAATTCGGATTATGGGTCGATGGAAATTGTGAAGATATACCACATGTAAATGAATTTTCAGCAAATGATCTTTTTGAATGTAATAAATTAGTTTTTGAATTGA
0.012862681411206722	0.06210179999470711	0.22190878205001344	0.0767612733319402	Pf3D7_11_v3-1294690-1294888	CAAAAGATAAATCATTTCAAAACTATACATATTTAAGTAAAAATGTAGTTGATAACTGGGAAGAAGTTTGCCCTAGAAAGAATTTACAGAATGCAAAATTCGGATTATGGGTCGATGGAAATTGTGAAGATATACCACATGTAAATGAATTTTCAGCAATTGATCTTTTTGAATGTAATAAATTAGTTTTTGAATTGA
0.20817986391484736	0.3935648500919342	0.565207502245903	0.39490094467997555	Pf3D7_11_v3-1294690-1294888	CAAAAGATAAATCATTTCAAAACTATACATATTTAAGTAAAAATGTAGTTGATAACTGGGAAGAAGTTTGCCCTAGAAAGAATTTAGAGAATGCAAAATTCGGATTATGGGTCGATGGAAATTGTGAAGATATACCACATGTAAATGAATTTTCAGCAAATGATCTTTTTGAATGTAATAAATTAGTTTTTGAATTGA
0.14056796841323377	0.2671363651752472	0.49478355050086975	0.2788962368592619	Pf3D7_11_v3-1294690-1294888	CAAAAGATAAATTATTTCAAAACTATACATATTTAAGTAAAAATGTAGTTCATAACTGGGAAAAAGTTTGCCCTAGAAAGAATTTACAGAATGCAAAATTCGGATTATGGGTCGATGGAAATTGTGAAGATATACCACATGTAAATGAATTTTCAGCAAATGATCTTTTTGAATGTAATAAATTAGTTTTTGAATTGA
1.0297672003306557e-12	1.3963000027039651e-11	0.0067007393576204565	6.972673566513006e-4	Pf3D7_11_v3-1294690-1294888	CAAAAGATAAATTATTTCAAAACTATACATATTTAAGTAAAAATGTAGTTGATAACTGGGAAGAAGTTTGCCCTAGAAAGAATTTAGAGAATGCAAAATTCGGATTATGGGTCGATGGAAATTGTGAAGATATACCACATGTAAATGAATTTTCAGCAAATGATCTTTTTGAATGTAATAAATTAGTTTTTGAATTGA
0.0014200540026649833	0.04126179218292236	0.16839580237865448	0.05443085705291735	Pf3D7_11_v3-1294690-1294888	CAAAAGATAAATTATTTGAAAACTATACATATTTAAGTAAAAATGTAGTTCATAACTGGGAAAAAGTTTGCCCTAGAAAGAATTTAGAGAATGCAAAATTCGGATTATGGGTCGATGGAAATTGTGAAGATATACCACATGTAAATGAATTTTCAGCAAATGATCTTTTTGAATGTAATAAATTAGTTTTTGAATTGA
0.05452732127159834	0.1547337770462036	0.3383787073194977	0.16253266139701025	Pf3D7_11_v3-1294690-1294888	CAAAAGATAAATTATTTGAAAACTATACATATTTAAGTAAAAATGTAGTTGATAACTGGGAAGAAGTTTGCCCTAGAAAGAATTTAGAGAATGCAAAATTCGGATTATGGGTCGATGGAAATTGTGAAGATATACCACATGTAAATGAATTTTCAGCAAATGATCTTTTTGAATGTAATAAATTAGTTTTTGAATTGA
1.5414226254506502e-4	0.024320542812347412	0.10561560261994599	0.030148829119072643	Pf3D7_11_v3-1294690-1294888	CAAAAGATATATCATTTCAAAACTATACATATTTAAGTAAAAATGTAGTTGATAACTGGGAAAAAGTTTGCCCTAGAAAGAATTTACAGAATGCAAAATTCGGATTATGGGTCGATGGAAATTGTGAAGATATACCACATGTAAATGAATTTTCAGCAAATGATCTTTTTGAATGTAATAAATTAGTTTTTGAATTGA
0.04882700741291046	0.1434725821018219	0.3242436647415161	0.1588114093085751	Pf3D7_11_v3-1295135-1295311	TACTACTGCTTTGTCCCATCCCAACGAAGTTGAAAACAATTTTCCATGTTCATTATATAAAGATGAAATAAAGAAAGAAATCGAAAGAGAATCAAAACGAATTAAATTAAATGATAATGATGATGAAGGGAATAAAAAAATTATAGCTCCAAGAATTTTTATTTCAGATGATAAAG
1.252325174984359e-12	6.518938988619993e-8	0.019106587162241326	0.0021399401554808876	Pf3D7_11_v3-1295135-1295311	TACTACTGCTTTGTCCCATCCCAACGAAGTTGAACACAATTTTCCATGTTCATTATATAAAGATGAAATAAAGAAAGAAATCGAAAGAGAATCAAAACGAATTAAATTAAATGATAATGATGATGAAGGGAATAAAAAAATTATAGCTCCAAGAATTTTTATTTCAGATGATATAG
0.001734614954330027	0.02860400080680847	0.14242635667324066	0.03881917926499592	Pf3D7_11_v3-1295135-1295311	TACTACTGCTTTGTCCCATCCCATCGAAGTTGAAAACAATTTTCCATGTTCATTATATAAAGATGAAATAATGAAAGAAATCGAAAGAGAATCAAAACGAATTAAATTAAATGATAATGATGATGAAGGGAATAAAAAAATTATAGCTCCAAGAATTTTTATTTCAGATGATAAAG
0.02784411981701851	0.10174287110567093	0.2597474753856659	0.11315142112970357	Pf3D7_11_v3-1295135-1295311	TACTACTGCTTTGTCCCATCCCATCGAAGTTGAACACAATTTTCCATGTTCATTATATAAAAATGAAATAATGAAAGAAATCGAAAGAGAATCAAAACGAATTAAATTAAATGATAATGATGATGAAGGGAATAAAAAAATTATAGCTCCAAGAATTTTTATTTCAGATGATAAAG
0.12850760407745837	0.25847193598747253	0.47341545671224594	0.27131346689909697	Pf3D7_11_v3-1295135-1295311	TACTACTGCTTTGTCCCATCCCATCGAAGTTGAACACAATTTTCCATGTTCATTATATAAAGATGAAATAAAGAAAGAAATCGAAAGAGAATCAAAACGAATTAAATTAAATGATAATGATGATGAAGGGAATAAAAAAATTATAGCTCCAAGAATTTTTATTTCAGATGATAAAG
0.21896998547017577	0.4127032160758972	0.6206529542803765	0.4157645843923093	Pf3D7_11_v3-1295135-1295311	TACTACTGCTTTGTCCCATCCCATCGAAGTTGAACACAATTTTCCATGTTCATTATATAAAGATGAAATAAAGAAAGAAATCGAAAGAGAATCAAAACGAATTAAATTAAATGATAATGATGATGAAGGGAATAAAAAAATTATAGCTCCAAGAATTTTTATTTCAGATGATATAG
2.831647893594691e-12	3.559363221938838e-7	0.027466703206300735	0.002967528225884139	Pf3D7_12_v3-0659902-0660096	TGGTGGTTTAACATTTTCAGCTACGACTTTTTCGACTGATGGCAATCCTAATTTGATTAATTCATTTAACATAGATTTTGCGTGTTTTTTTACTTCTGATTTGATATCAAAGCTTGATTCTAAAAAGGTTGGTGAATTTTTTTGTAAAACACTGACAAGTTCATTTGATATGGTCTCTGCTAAATCATCACCAA
2.7638009068853275e-12	1.933518888108665e-6	0.021302336733788205	0.0016598083395201503	Pf3D7_12_v3-0659902-0660096	TGGTGGTTTAACATTTTCAGCTACGACTTTTTCGACTGATGGCAATCCTAATTTGATTAATTCCTTTAACATATGTTTTGCGTGTTTTTTTACTTCTGATTTGATATCAAAGCTTGATTCTAAAAAGGTTGGTGAATTTTTTTGTAAAACACTGACAAGTTCATTTGATATGGTCTCTGCTAAATCATCACCAA
7.701442649704405e-4	0.027185380458831787	0.13432207033038115	0.03520705578863271	Pf3D7_12_v3-0659902-0660096	TGGTGGTTTAACATTTTCAGCTACGAGATTTTCGACTGATGGCAATCCTAATTTGATTAATTCCTTTAACATAGATTTTGCGTGTTTTTTTACTTCTGATTTGATATCAAAGCTTGATTCTAAAAAGGTTGGTGAATTTTTTTGTAAAACACTGACAAGTTCATTTGATATGGTCTCTGCTAAATCATCACCAA
1.0192892536953213e-12	1.6019865555633173e-12	1.0092455582193238e-11	2.7562844339811694e-12	Pf3D7_12_v3-0659902-0660096	TGGTGGTTTAACATTTTCAGCTACGAGTTTTTCGACTGATGGCAATCCTACTTTGATTAATTCATTTAACATAAGTTTTGCGTGTCTTTTTACTTCTGATTTGATATCAAAGCTTGATTCTAAAAAGGTTGGTGAATTTTTTTGTAAAACACTGACAAGTTCATTTGATATGGTCTCTGCTAAATCATCACCAA
5.783454980701208e-4	0.02470980491489172	0.08437356259673821	0.02856647460438404	Pf3D7_12_v3-0659902-0660096	TGGTGGTTTAACATTTTCAGCTACGAGTTTTTCGACTGATGGCAATCCTACTTTGATTAATTCATTTAACATAAGTTTTGCGTTTTTTTTTACTTCTGATTTGATATCAAAGCTTGATTCTAAAAAGGTTGGTGAATTTTTTTGTAAAACACTGACAAGTTCATTTGATATGGTCTCTGCTAAATCATCACCAA
0.001487381407059729	0.027591517195105553	0.11757634971290826	0.04191168385196936	Pf3D7_12_v3-0659902-0660096	TGGTGGTTTAACATTTTCAGCTACGAGTTTTTCGACTGATGGCAATCCTACTTTGATTAATTCCTTAAACATAAGTTTTGCGTGTTTTTTTACTTCTGATTTGATATCAAAGCTTGATTCTAAAAAGGTTGGTGAATTTTTTTGTAAAACACTGACAAGTTCATTTGATATGGTCTCTGCTAAATCATCACCAA
0.15133767053484917	0.32540544867515564	0.522268533706665	0.33069003960490195	Pf3D7_12_v3-0659902-0660096	TGGTGGTTTAACATTTTCAGCTACGAGTTTTTCGACTGATGGCAATCCTACTTTGATTAATTCCTTTAACATAAGTTTTGCGTGTCTTTTTACTTCTGATTTGATATCAAAGCTTGATTCTAAAAAGGTTGGTGAATTTTTTTGTAAAACACTGACAAGTTCATTTGATATGGTCTCTGCTAAATCATCACCAA
2.7697294717654586e-4	0.04111802019178867	0.14360477700829488	0.0471423426818147	Pf3D7_12_v3-0659902-0660096	TGGTGGTTTAACATTTTCAGCTACGAGTTTTTCGACTGATGGCAATCCTACTTTGATTAATTCCTTTAACATAAGTTTTGCGTTTTTTTTTACTTCTGATTTGATATCAAAGCTTGATTCTAAAAAGGTTGGTGAATTTTTTTGTAAAACACTGACAAGTTCATTTGATATGGTCTCTGCTAAATCATCACCAA
1.0078849647238153e-12	1.636351969723504e-12	8.174756167128581e-11	6.733381617898781e-12	Pf3D7_12_v3-0659902-0660096	TGGTGGTTTAACATTTTCAGCTATGAGATTTTCGACTGATGGCAATCCTACTTTGATTAATTCCTTTAACATATATTTTGCGTGTTTTTTTACTTCTGATTTGATATCAAAGCTTGATTCTAAAAAGGTTGGTGAATTTTTTTGTAAAACACTGACAAGTTCATTTGATATGGTCTCTGCTAAATCATCACCAA
0.3371911644935608	0.5227999091148376	0.6860698595643042	0.5118550704717634	Pf3D7_12_v3-0659902-0660096	TGGTGGTTTAACATTTTCAGCTATGAGTTTTTCGACTGATGGCAATCCTACTTTGATTAATTCCTTTAACATAAGTTTTGCGTGGTTTTTTACTTCTGATTTGATATCAAAGCTTGATTCTAAAAAGGTTGGTGAATTTTTTTGTAAAACACTGACAAGTTCATTTGATATGGTCTCTGCTAAATCATCACCAA
0.4150215588510036	0.6284269094467163	0.8002979159355164	0.6218684417605399	Pf3D7_13_v3-0146724-0146904	AAAAGTATTTGTAATAGATTAAACGATGAACTAAATGAAGAAATATGTGGTTATCAAATTAGGTTTGAAAAATCGTATTTTTTAAAACATAGTAAAATTAAAGTTATGACAGAAGGAATTTTATTGAAAGAAATTATGAGTGATTTTATTTTATCAAAATATAGTGTTATCATTCTTGAT
1.2128764247283652e-12	5.4869119026079716e-8	0.011273140087723732	0.0010085610750215713	Pf3D7_13_v3-0146724-0146904	AAAAGTATTTGTAATAGATTAAACGATGAACTAAATGAAGAAATATGTGGTTATCAAATTAGGTTTGAAAAATCGTATTTTTTAAAACATAGTAAAATTAAAGTTATGACAGAAGGAATTTTATTGAAAGAAATTATGAGTGATTTTATTTTATCAAAATATAGTGTTATTATTCTTGAT
0.14170131087303162	0.30278898775577545	0.5106524914503094	0.30725686477124686	Pf3D7_13_v3-0146724-0146904	AAAAGTATTTGTAATAGATTGAACGATGAACTAAATGAAGAAATATGTGGTTATCAAATTAGGTTTGAAAAATCGTATTTTTTAAAACATAGTAAAATTAAAGTTATGACAGAAGGAATTTTATTGAAAGAAATTATGAGTGATTTTATTTTATCAAAATATAGTGTTATCATTCTTGAT
0.006601397413760424	0.06371034681797028	0.18329796977341176	0.06986613138671964	Pf3D7_13_v3-0146724-0146904	AAAAGTATTTGTAATAGATTGAACGATGAACTAAATGAAGAAATATGTGGTTATCAAATTAGGTTTGAAAAATCGTATTTTTTAAAACATAGTAAAATTAAAGTTATGACAGAAGGAATTTTATTGAAAGAAATTATGAGTGATTTTATTTTATCAAAATATAGTGTTATTATTCTTGAT
0	0	0	0	Pf3D7_13_v3-1265526-1265694	TTGTCATATACAGATTATAAAAATGATCATAGAATAAGCGAAATTTTAAATCGTTGTATTTTACGATTAAACGAGTTTGATCTAATTCATTTATCTTCTTTGGTCATATCTTTAAGTAAAATGAATATTAGGAGTGTGTATTTTCTGGAACAAGTACAAAAGAAATTT
1	1	1	1	Pf3D7_13_v3-1265526-1265694	TTGTCATATACAGATTATAAAAATGATCATAGAATAAGCGAAATTTTAAATCGTTGTATTTTACGATTAAACGAGTTTGATCTAATTCATTTATCTTCTTTGGTCATATCTTTAAGTAAAATGAATTTTAGGAGTGTGTATTTTCTGGAACAAGTACAAAAGAAATTT
1.6993475853918638e-12	3.245314559308099e-7	0.01037974376231432	0.0010346300730699988	Pf3D7_13_v3-1419395-1419601	TTTTTGAAATCTGTATATTCTTTACCATATTCATCGAGATTTATTTTGTTCTCTTTGTTTGAAATATAAACTACATGATTAAAAACATCTCCTAAATTATATAATTTCTTATCTAGGTCTTTTCGAAATGTCGATTCTCCTCCTTGTGCTGGTTTTTGTACTTCTTTTCCTTGTGTTGATATCTCTTGTTCATTTTTAGATTGAGT
0.11177353058010339	0.2672872841358185	0.44544006586074825	0.2659346292465926	Pf3D7_13_v3-1419395-1419601	TTTTTGAAATCTGTATATTCTTTACCATATTTATCGAGATTTATTTTGTTCTCTTCGTTTGAAATATCAACTACATGATTAAAAACATCTCCTAAATTATATAATTTCTTATCTAGGTCTTTTTGAAATGTCGATTCTCCTCCTTGTGCTGGTTTTTGTACTTCTTGTCCTTGTGTTGATATCTCTTGTTCATTTTTAGATTGAGT
2.313166418410617e-8	2.920172755693784e-5	0.03127084132283917	0.003177747743049754	Pf3D7_13_v3-1419395-1419601	TTTTTGAAATCTGTATATTCTTTACCATATTTATCGAGATTTATTTTGTTCTCTTCGTTTGAAATATCAACTACATGATTAAAAACATCTCCTAAATTATATAATTTCTTATCTAGGTCTTTTTGAAATGTCGATTCTCCTCCTTGTGCTGGTTTTTGTACTTTTTGTCCTTGTGTTGATATCTCTTGTTCATTTTTAGATTGAGT
1.0352715863401474e-12	6.284287934477106e-8	0.004597737453877926	7.405949600686279e-4	Pf3D7_13_v3-1419395-1419601	TTTTTGAAATCTGTATATTCTTTACCATATTTATCGAGATTTATTTTGTTCTCTTCGTTTGAAATATCAACTACATGATTAAAAACATCTCCTAAATTATATAATTTTTTAACTAGGTCTTTTTGAAATGTCGATTCTCCTCCTTGTGCTGGTTTTTGTACTTTTTGTCCTTGTGTTGATATCTCTTGTTCATTTTTAGATTGAGT
0.24708192236721516	0.4445461332798004	0.6359370440244675	0.4399613510370254	Pf3D7_13_v3-1419395-1419601	TTTTTGAAATCTGTATATTCTTTACCATATTTATCGAGATTTATTTTGTTCTTTTTGTTTGAAATATCAACTACATGATTAAAAACATCTCCTAAATTATATAATTTCTTATCTAGGTCTTTTTGAAATGTCGATTCTCCTCCTTGTGCTGGTTTTTGTACTTCTTGTCCTTGTGTTGATATCTCTTGTTCATTTTTAGATTGAGT
0.014381484128534794	0.08217410743236542	0.19663715921342365	0.08482578110718168	Pf3D7_13_v3-1419395-1419601	TTTTTGAAATCTGTATATTTTTTACCATATTCATCGAGATTTATTTTGTTCTCTTTGTTTGAAATATCAACTACATGATTAAAAACATCTCCTAAATTATATAATTTCTTATCTAGGTCTTTTTGAAATGTCGATTCTCCTCCTTGTGCTGGTTTTTGTACTTCTTGTCCTTGTGTTGATATCTCTTGTTCATTTTTAGATTGAGT
0.009001357480883598	0.07120131701231003	0.20106171071529388	0.08221244401531295	Pf3D7_13_v3-1419395-1419601	TTTTTGAAATCTGTATATTTTTTATCATATTCATCGAGATTTATTTTGTTCTCTTTGTTTGAAATATCAACTACATGATTAAAAACATCTCCTAAATTATATAATTTCTTATCTAGGTCTTTTCGAAATGTCGATTCTCCTCCTTGTGCTGGTTTTTGTACTTCTTGTCCTTGTGTTGATATCTCTTGTTCATTTTTAGATTGAGT
0.025745789008215073	0.10741111636161804	0.2716054432094097	0.1221128225801513	Pf3D7_13_v3-1419395-1419601	TTTTTGAAATCTGTATATTTTTTATCATATTCATCGAGATTTATTTTGTTCTCTTTGTTTGAAATATCAACTACATGATTAAAAACATCTCCTAAATTATATAATTTCTTATCTAGGTCTTTTCGAAATGTCGATTCTCCTCCTTGTGCTGGTTTTTGTACTTCTTTTCCTTGTGTTGATATCTCTTGTTCATTTTTAGATTGAGT
1.0406743826060771e-12	1.4975536002242995e-12	1.7767388255096606e-11	3.6247469123451356e-12	Pf3D7_13_v3-1465638-1465870	TTCTTGTGGATTATTATCTATTATATTTTCTTCTGGTTTTTCGACAACAAAATTATCTCCTCTTGGTCTAGGTTGATCATCTTCGGGTTCATCTGGAACATCTAATGGTTCCCGTTTTGGAGGACATCTTTCTTCTTCACATTGTTCTTGTAATTCACTTGTACATCCTTCGTGTAAGATTTCTCTTTTTCTTGACCTGGTACCTTTACCACAAGTTACACTACATGGAGAC
0.06578779220581055	0.17308874428272247	0.35008010268211365	0.1835653488524258	Pf3D7_13_v3-1465638-1465870	TTCTTGTGGATTATTATCTATTATATTTTCTTCTGGTTTTTCGACAACAAAATTATCTCCTCTTGGTCTAGGTTGATCATCTTCGGGTTCATGTGGAACATCTAATGGTTCCCGTTTTGGAGGACATCTTTCTTCTTCACATTGTTCTTGTAATTCACTTGTACATCCTTCGTGTAAGATTTCTCTTTTTCTTGACATGGTACCTTTACCACAAGTTACACTACATGGAGAC
0.12193643301725388	0.275111585855484	0.4524778425693512	0.27614972232282164	Pf3D7_13_v3-1465638-1465870	TTCTTGTGGATTATTATCTATTATATTTTCTTCTGGTTTTTCGACAACAAAATTATCTCCTCTTGGTCTAGGTTGATCATCTTCGGGTTCATGTGGAACATCTAATGGTTCCCGTTTTGGAGGACATCTTTCTTCTTCACATTGTTCTTGTAATTCACTTGTACATCCTTCGTGTAAGATTTCTCTTTTTCTTGACCTGGTACCTTTACCACAAGTTACACTACATGGAGAC
0.09541697874665261	0.21403572708368301	0.40596392080187754	0.22764309147000322	Pf3D7_13_v3-1465638-1465870	TTCTTGTGGATTATTATCTATTATATTTTCTTCTGGTTTTTCGACAGCAAAATTATCTCCTCTTGGTCTAGGTTGATCATCTTCGGGTTCATCTGGAACATCTAATGGTTCCCGTTTTGGAGGACATCTTTCTTCTTCACATTGTTCTTGTAATTCACTTGTACATCCTTCGTGTAAGATTTCTCTTTTTCTTGACCTGGTACCTTTACCACAAGTTACACTACATGGAGAC
0.04672260954976082	0.1760322004556656	0.33218448460102057	0.18745309472363444	Pf3D7_13_v3-1465638-1465870	TTCTTGTGGATTATTATCTATTATATTTTCTTCTGGTTTTTCGACAGCAAAATTATCTCCTCTTGGTCTAGGTTGATCATCTTCGGGTTCATGTGGAACATCTAATGGTTCCCGTTTTGGAGGACATCTTTCTTCTTCACATTGTTCTTGTAATTCACTTGTACATCCTTCGTGTAAGATTTCTCTTTTTCTTGACCTGGTACCTTTACCACAAGTTACACTACATGGAGAC
0.038651793263852596	0.11558651179075241	0.2793876528739929	0.12400703329406676	Pf3D7_13_v3-1465638-1465870	TTCTTGTGGATTATTATCTATTATATTTTCTTTTGGTTTTTCGACAGCAAAATTATCTCCTCTTGGTCTAGGTTGATCATCTTCGGGTTCATGTGGAACATCTAATGGTTCCCGTTTTGGAGGACATCTTTCTTCTTCACATTGTTCTTGTAATTCACTTGTACATCCTTCGTGTAAGATTTCTCTTTTTCTTGACCTGGTACCTTTACCACAAGTTACACTACATGGAGAC
1.9761906954601782e-12	9.294308256357908e-8	0.009541704598814241	0.0011817144387341596	Pf3D7_13_v3-1465638-1465870	TTCTTGTGGATTATTATCTATTATATTTTCTTTTGGTTTTTCGACAGCAAAATTATCTCCTCTTGGTCTAGGTTGATCATCTTCGGGTTCATGTGGAACATCTAATGGTTCCCGTTTTGGAGGACATCTTTCTTCTTCACATTGTTCTTGTATTTCACTTGTACATCCTTCGTGTAAGATTTCTCTTTTTCTTGACCTGGTACCTTTACCACAAGTTACACTACATGGAGAC
0.059707276895642286	0.16123172640800476	0.3103956431150436	0.16913803130015728	Pf3D7_13_v3-1465925-1466124	TCATAAAGGGTCCGATAACATTTTTTACATTTTCCCATGCAGAATCAGCATACAAGTTACATTTACCATCTGATGGATGACAACCTACAAGAAATCTGTTGAAAGCTACATTAATACCTTGTCCAATACCAAAAACAGCTATTTTAACACCAAGATCATTTAATTTTCTTGATTCTTTTAATGAATCTTGAATACTATC
0.6896043851971626	0.8387683033943176	0.9402927652001382	0.8308619675040245	Pf3D7_13_v3-1465925-1466124	TCATAAAGGGTCCGATAACATTTTTTACATTTTCCCATGCAGAATCAGCATACAAGTTACATTTACCATCTGATGGATGACAACCTACAAGAAATCTGTTGAAAGCTACATTAATACCTTGTCCAATACCAAAAACAGCTATTTTAACACCACGATCATTTAATTTTCTTGATTCTTTTAATGAATCTTGAATACTATC
0.4929060012102127	0.6719139218330383	0.8265442281961439	0.6713488362729549	Pf3D7_13_v3-1725151-1725336	ATGGAAATTGTTCCCATTTATTCATTTTTTCTTCATATACTTCAATAGAATTTAATCTCTCACCATTAGTTCCACCAATGACATAAATTTTATTATCAAAAGCAACACACATAGCTGATGATCTAGGGGTATTCAAAGGTGCCACCTCTACCCATGCTTTCATACGATGATCATATGCTTCTACA
0.17345578707754614	0.32808607816696167	0.5070940867066382	0.3286511639356613	Pf3D7_13_v3-1725151-1725336	ATGGAAATTGTTCCCATTTATTCATTTTTTCTTCATATACTTCAATAGAATTTAATCTCTCACCATTAGTTCCACCAATGACATAAATTTTATTATCAAAAGCAACATACATAGCTGATGATCTAGGGGTATTCAAAGGTGCCACCTCTACCCATGCTTTCATACGATGATCATATGCTTCTACA
0.4950171411037445	0.673420786857605	0.8247999086976051	0.6701053304672241	Pf3D7_13_v3-1725231-1725441	ACATAAATTTTATTATCAAAAGCAACACACATAGCTGATGATCTAGGGGTATTCAAAGGTGCCACCTCTACCCATGCTTTCATACGATGATCATATGCTTCTACATTCGGTATAATAGAAGAGCCATCATATCCCCCAATACAATAAATTCTACCATTTGACGTAACACCACAATTATTTCTTCTAGGTATATTTAAATTACTTGAAACA
0.1752001192420721	0.326579213142395	0.5049828886985779	0.32989466954767704	Pf3D7_13_v3-1725231-1725441	ACATAAATTTTATTATCAAAAGCAACATACATAGCTGATGATCTAGGGGTATTCAAAGGTGCCACCTCTACCCATGCTTTCATACGATGATCATATGCTTCTACATTCGGTATAATAGAAGAGCCATCATATCCCCCAATACAATAAATTCTACCATTTGACGTAACACCACAATTATTTCTTCTAGGTATATTTAAATTACTTGAAACA
1	1	1	1	Pf3D7_13_v3-1725403-1725620	AATTATTTCTTCTAGGTATATTTAAATTACTTGAAACATACCATACATCTCTTAAACGATCATACACCTCAGTTTCAAATAAAGCCTTATAATCATAGTTATTACCACCAAAAACGTATAAGAAATTATTCAATACAGCACTTCCAAAATAAGCTTTTTTGGTAGACATAGGTGTACACATACGCCAGCATTGTTGACTAATATCTAATAATTCCAT
0	0	0	0	Pf3D7_13_v3-1725403-1725620	AATTATTTCTTCTAGGTATATTTAAATTACTTGAAACATACCATACATCTCTTAAACGATCATACACCTCAGTTTCAAATAAAGCCTTATAATCATAGTTATTACCACCAAAAACGTGTAAGAAATTATTCAATACAGCACTTCCAAAATAAGCTTTTTTGGTAGACATAGGTGTACACATACGCCAGCATTGTTGACTAATATCTAATAATTCCAT
1	1	1	1	Pf3D7_13_v3-1725493-1725694	AATCATAGTTATTACCACCAAAAACGTATAAGAAATTATTCAATACAGCACTTCCAAAATAAGCTTTTTTGGTAGACATAGGTGTACACATACGCCAGCATTGTTGACTAATATCTAATAATTCCATCGAATTTAAATATTCTACACCATCAAATCCACCTATACAAAATACTAATGGGAATGGTAAAAATTTAATACCAT
0	0	0	0	Pf3D7_13_v3-1725493-1725694	AATCATAGTTATTACCACCAAAAACGTGTAAGAAATTATTCAATACAGCACTTCCAAAATAAGCTTTTTTGGTAGACATAGGTGTACACATACGCCAGCATTGTTGACTAATATCTAATAATTCCATCGAATTTAAATATTCTACACCATCAAATCCACCTATACAAAATACTAATGGGAATGGTAAAAATTTAATACCAT
0.14289704971015454	0.2889625132083893	0.4931140787899493	0.294178080946207	Pf3D7_13_v3-2114271-2114454	GCTTCCATTAACTCAATATATAATTTATTAATAATTTTTAATTTGTTTATTTCAAAAAGGCATAGTTGTAACAAGGTTCTTAAGGTTCTATTACCCCCTAAGAGGTTAAAATGAATATTTCCTTTTTCTCGTATATGCAAAAAATCCCTTAACAATAAATCATATTCATCAGTATGAAATGTT
0.38369616866111755	0.578643262386322	0.7394838362932205	0.5730263835042715	Pf3D7_13_v3-2114271-2114454	GCTTCCATTAACTCAATATATAATTTATTAATAATTTTTAATTTGTTTATTTCAAAAAGGCATAGTTTTAACAAGGTTCTTAAGGTTCTATTACCCCCTAAGAGGTTAAAATGAATATTTCCTTTTTCTCGTATATGCAAAAAATCCCTTAACAATAAATCATATTCATCAGTATGAAATGTT
0.04172021150588989	0.12615951895713806	0.2644701898097992	0.13279553636908528	Pf3D7_13_v3-2114271-2114454	GCTTCCATTAACTCAATATATAATTTATTAATAATTTTTAATTTGTTTATTTCAAAGAGGCATAGTTTTAACAAGGTTCTTAAGGTTCTATTACCCCCTAAGAGGTTAAAATGAATATTTCCTTTTTCTCGTATATGCAAAAAATCCCTTAACAATAAATCATATTCATCAGTATGAAATGTT
0.7937247931957245	0.9307074546813965	0.9896925091743469	0.9234180149435997	Pf3D7_14_v3-0377797-0377992	TAAAGATATATCAACTGAAAAGATTTTATCAAATAATTGCTTTAATAATAAGTTAAAAAATTGATTTCCAACATCTATCATATTCATATAATCTAATGATTTAAAAATATATAATATACTCTTTGGACTAAATTTTAATTCATCATTTATTATTTTCTCTTTTACTATTGCTTTAATTTGATTAAAATATATAAT
1.0717426295395183e-12	2.0941660948750607e-12	1.7845027538987424e-11	4.669719947747797e-12	Pf3D7_14_v3-0377797-0377992	TAAAGATATATCAACTGAAAAGATTTTATCAAATAATTGCTTTAATAATAAGTTAAAAAATTGATTTCCAACATCTATCATATTCATATAATCTAATGATTTAAAAATATATAATATACTCTTTGGACTAAATTTTAATTCATCATTTATTATTTTCTCTTTTACTATTGTTTTAATTTGATTAAAATATATAAT
2.9440103688216368e-8	9.261182276532054e-5	0.031327900849282726	0.003973998899609298	Pf3D7_14_v3-0377797-0377992	TAAAGATATATCAACTGAAAAGATTTTATCAAATAATTGCTTTAATAATAAGTTAAAAAATTGATTTCCAATATCTATCATATTCATATAATCTAATGATTTAAAAATATATAATATACTCTTTGGACTAAATTTTAATTCATCATTTATTATTCTCTCTTTTACTATTGCTTTAATTTGATTAAAATATATAAT
6.132175919392609e-12	1.6191329166304058e-7	0.010888473480008447	0.0011344066529291093	Pf3D7_14_v3-0377797-0377992	TAAAGATATATCAACTGAAAAGATTTTATCAAATAATTGCTTTAATAATAAGTTAAAAAATTGATTTCCAATATCTATCATATTCATATAATCTAATGATTTAAAAATATATAATATACTCTTTGGACTAAATTTTAATTCATCATTTATTATTCTCTCTTTTACTATTGTTTTAATTTGATTAAAATATATAAT
0.00816410593688488	0.06433825939893723	0.20597435869276523	0.07147357793920667	Pf3D7_14_v3-0377797-0377992	TAAAGATATATCAACTGAAAAGATTTTATCAAATAATTGCTTTAATAATAAGTTAAAAAATTGATTTCCAATATCTATCATATTCATATAATCTAATGATTTAAAAATATATAATATACTCTTTGGACTAAATTTTAATTCATCATTTATTATTTTCTCTTTTACTATTGCTTTAATTTGATTAAAATATATAAT
0.0018012895015999675	0.06642354652285576	0.1644868403673172	0.06639439998753376	Pf3D7_14_v3-0407338-0407509	TCTTTCTTTCGTCTTTCTGTTCATTATCCATATAATCTTTTTCTACTACCTTTTCATTCTTTACTTTATTTCTATTAATACACAACTCTCCTTGAGTTAAGAGATTTACGATATTATCAATATTGTTTTCTTTCATATACTTCAACTTTTTACTATTCATTTTTAAAAGAT
1.0343538092011384e-12	1.8099970307272617e-12	1.3178090563226164e-11	2.8227855365658956e-12	Pf3D7_14_v3-0407338-0407509	TCTTTCTTTCGTCTTTCTGTTCATTATCCATATAATCTTTTTCTCCTTCCTTTTCATTCTTTACTTTATTTCTATTAATACACAACTCTCCTTGAGTTAAGAGATGTACGATATTATCAATATTGTTTTCTTTCATATACTTCAACTTTTTACTATTCATTTTTAAAAGAT
0.8201080560684204	0.9328306317329407	0.9978370070457458	0.9320543699264524	Pf3D7_14_v3-0407338-0407509	TCTTTCTTTCGTCTTTCTGTTCATTATCCATATAATCTTTTTCTCCTTCCTTTTCATTCTTTACTTTATTTCTATTAATACACAACTCTCCTTGAGTTAAGAGATTTACGATATTATCAATATTGTTTTCTTTCATATACTTCAACTTTTTACTATTCATTTTTAAAAGAT
2.1349082170076666e-12	6.364856375284944e-8	0.003753380232956184	4.2073989632845145e-4	Pf3D7_14_v3-0407338-0407509	TCTTTCTTTCGTCTTTGTTTTCATTATCCATATAATCTTTTTCTACTACCTTTTCATTCTTTACTTTATTTCTATTAATACACAACTCTCCTTGAGTTAAGAGATTTACGATATTATCAATATTGTTTTCTTTCATATACTTCAACTTTTTACTATTCATTTTTAAAAGAT
2.9160952763618297e-8	2.093173134198878e-5	0.011443988420069218	0.0011304913405522162	Pf3D7_14_v3-0407338-0407509	TCTTTCTTTCGTCTTTGTTTTCATTATCCATATAATCTTTTTCTCCTTCCTTTTCATTCTTTACTTTATTTCTATTAATACACAACTCTCCTTGAGTTAAGAGATTTACGATATTATCAATATTGTTTTCTTTCATATACTTCAACTTTTTACTATTCATTTTTAAAAGAT
0.47467073872685434	0.6642879247665405	0.8056050837039946	0.6606418913006783	Pf3D7_14_v3-0921208-0921399	TACAATATTAATTTTATAAGTTCATTATTTCAATTTTATATTTAGGAGGATCTATATCCATATATTATTCATTTTAAAAATATTAAAATAAATACATATATAAATATATAAACATATAAAAACAGTCTTTTAAAAATTAATAAGATTTATATAAAATATGGTTATAAATCCTATTTTGTATTATATCAAAA
0.011518620233982802	0.05291253142058849	0.19112125039100647	0.06586007308983238	Pf3D7_14_v3-0921208-0921399	TACAATATTAATTTTTTAAGTTCATTATTTCAATTTTATATTTAGGAGGATCTATATCCATATATTATTCATTTTAAAAATATTAAAATAAATACATATATAAATATATAAACATATAAAAACAGTCTTTTAAAAATTAATAAGATTTATATAAAATATGGTTATAAATCCTATTTTGTATTATATCAAAA
0.0669761061668396	0.16093961894512177	0.3223320543766022	0.1732269259206951	Pf3D7_14_v3-0921208-0921399	TACAATATTAATTTTTTAAGTTCATTATTTCAATTTTATATTTAGGAGGATCTATATCCATATATTATTCATTTTAAAAATATTAAAATAAATACATATATAAATATATAAACATATAAATACAGTCTTTTAAAAATTAATAAGATTTATATAAAATATGGTTATAAATCCTATTTTGTATTATATCAAAA
0.026109104976058006	0.09154932200908661	0.22956084720790385	0.10027110769506543	Pf3D7_14_v3-0921208-0921399	TACAATATTAATTTTTTAAGTTCATTATTTCAATTTTATATTTAGGAGGATCTATATCCATATATTATTCATTTTAAAAATATTAAAATAAATACATATATAAATATATAAACATATAAATACAGTCTTTTAAAAATTAATAAGATTTATATAAAATATGGTTATAAATCCTATTTTGTATTATATTAAAA
2.681805000293025e-8	1.3663586287293583e-5	0.04109323602169743	0.002685250012463032	Pf3D7_14_v3-1956088-1956301	TCTAATTTTTTTTCTCCACTTTGTAATTTTTATTGTTGAATATATATATAAAGTTAAACCTATAAATAATACACTACCTAATAAACTATTCTTATATTTAAAAATAAATATAACACATGTTATTAATCCTTCTATTGTTGCCGGAATAATATACATTAAAACAGAACTCATCAAATTATTAGCACTCTCGGTACCTCTATCAACTATTCTCAT
0.6040453314781189	0.7550039887428284	0.8785793781280518	0.7515553758144378	Pf3D7_14_v3-1956088-1956301	TCTAATTTTTTTTCTCCACTTTGTAATTTTTATTGTTGAATATATATATAAAGTTAAACCTATAAATAATACACTACCTAATAAACTATTCTTATATTTAAAAATAAATATAATACATGTTATTAATCCTTCTATTATTGCCGGAATAATATACATTAAAACAGAACTCATCAAATTATTAGCACTCTCGGTACCTCTATCAACTATTCTCAT
0.1214204654097557	0.2389255240559578	0.3948859624564648	0.24575937512516982	Pf3D7_14_v3-1956088-1956301	TCTAATTTTTTTTCTCCACTTTGTAATTTTTATTGTTGAATATATATATAAAGTTAAACCTATAAATAATACACTACCTAATAAACTATTCTTATATTTAAAAATAAATATAATACATGTTATTAATCCTTCTATTGTTGCCGGAATAATATACATTAAAACAGAACTCATCAAATTATTAGCACTCTCGGTACCTCTATCAACTATTCTCAT
0.07973121851682663	0.2165886014699936	0.3738869965076446	0.21754412423819294	Pf3D7_14_v3-2004394-2004574	ATATTTCCATATTATTGTAATAGGGCTTTTTCTTGCTCTTCTAATTTTTGTATATCTTGCTTATCCTTATCTAATTGTCCAAGAGCATCTAATTCATCACCTACATTTATTTTATTTTCTTGAGAATATTCTTCAATTTTGTCTTCGAAACTGTTATATAATCTATTTATAATTGGTTGT
0.5420088171958923	0.7204057574272156	0.8658620595932006	0.7179810962677001	Pf3D7_14_v3-2004394-2004574	ATATTTCCATATTATTGTAATAGGGCTTTTTCTTGCTCTTCTAATTTTTGTATATCTTGCTTATCCTTATCTAATTGTCCAAGAGCATCTAATTCATCATCTACATTTATTTTATTTTCTTGAGAATATTCTTCAATTTTGTCTTCGAAACTGTTATATAATCTATTTATAATTGGTTGT
0.00930927584413439	0.053731100633740425	0.16257166564464567	0.06447477945010177	Pf3D7_14_v3-2004394-2004574	ATATTTCCATATTATTGTAATAGGGCTTTTTCTTGCTCTTCTAATTTTTGTATATCTTGCTTATCCTTATCTAATTGTCCAAGAGCATTTAATTCATCATCTACATTTATTTTATTTTCTTGAGAATATTCTTCAATTTTGTCTTCGAAACTGTTATATAATCTATTTATAATTGGTTGT
0.006475130084436387	0.051829468458890915	0.17517944239079952	0.06163468467211358	Pf3D7_14_v3-2020636-2020823	CCAAGAACATGAATATTTCTGTAAATACATAGACAAGTCCTCATTATGTCTTATCACAGGGTGCTCTTCTTTAATATGACAATATAATTTTATATGTTTTATTATTTCTTGATGAATTTCACATAATAAAAATAATGTGTGATTCATATGTTGACTACCCAATATAGAAAAGCCACTAACTAATTGA
0.8248159289360046	0.9481672048568726	0.9935113668441773	0.9375637981295585	Pf3D7_14_v3-2020636-2020823	CCAAGAACATGAATATTTCTGTAAATACATAGACAAGTCCTCATTATGTCTTATCACAGGGTGCTCTTCTTTAATATGACAATATAATTTTATATGTTTTATTATTTCTTGATGAATTTCACATAATAAAAATAATGTGTGATTCATATGTTGACTACTCAATATAGAAAAGCCACTAACTAATTGA
1.6755199251693516e-12	1.8616120911474354e-7	0.007970070722512889	8.015204969207967e-4	Pf3D7_14_v3-2020636-2020823	CCAAGAACATGAATATTTCTGTAAATACATAGACAAGTCCTCATTATGTCTTATCACAGGGTGGTCTTCTTTAATATGACAATATAATTTTATATGTTTTATTATTTCTTGATGAATTTCACATAATAAAAATAATGTGTGATTCATATGTTGACTACTCAATATAGAAAAGCCACTAACTAATTGA
0.28221210837364197	0.4854867458343506	0.6686372756958008	0.4830865366458892	Pf3D7_14_v3-2481064-2481245	CCCATATGCATAAAGACAGTAGAGAGCAATTCGAAATAAAACAGTACTCTTGCAAATTAGATATTTTTTTGAACTCATCTGTTCCTATAAAAAATTCTGAATGTAAGCAGAATAAATTATACACAAAAGAATATATATTCATTTTTATTTATTCACTTTATATATGTTTGTATGTATGTAT
0.33136266469955444	0.5145132541656494	0.7177879214286804	0.5169134638905526	Pf3D7_14_v3-2481064-2481245	CCCATGTGGATAAAGACAGTAGAGAGCAATTCGAAATAAAACAGTACTCTTGCAAATTAGATATTTTTTTGAACTCATCTGTTCCTATAAAAAATTCTGAATGTAAGCAGAATAAATTATACACAAAAGAATATATATTCATTTTTATTTATTCACTTTATATATGTTTGTATGTATGTAT
0.007141874753870071	0.06412381678819656	0.16589269526302808	0.0702749187289737	Pf3D7_14_v3-3124441-3124626	TTAATTGATCTTCTAGAGGAATTAGATATTTTGTCTATATCGAATAAAGATGAAGTAGAAAAACGAAGAAAGAAAACAACTCAAGAGACGCGGTTGTTAGGAAATATTGATTTAGGATATGGAAAATTAGGAGAGGGAATAAAGCATGAAAATTTACAGGAAGAATTAGGAAACAGATTATTTGG
0.7404661267995835	0.8768867254257202	0.9657082080841064	0.8675353186130523	Pf3D7_14_v3-3124441-3124626	TTAATTGATCTTCTAGAGGAATTAGATATTTTGTCTATATCGAATAAAGATGAAGTAGAAAAACGAAGAAAGAAAACAACTCAAGAGACGCGGTTGTTAGGAAATATTGATTTAGGATATGGAAAATTAGGAGAGGGAATAAAGTATGAAAATTTACAGGAAGAATTAGGAAACAGATTATTTGG
0.005446864292025566	0.05364337936043739	0.17567661888897412	0.06218976374284829	Pf3D7_14_v3-3124441-3124626	TTAATTGATCTTCTAGAGGAATTAGATATTTTGTCTATATCGAATAAAGATGAAGTAGAAAAACGAAGAAAGGAAACAACTCAAGAGACGCGGTTGTTAGGAAATATTGATTTAGGATATGGAAAATTAGGAGAGGGAATAAAGCATGAAAATTTACAGGAAGAATTAGGAAACAGATTATTTGG
0.0417192573659122	0.15631458908319473	0.28295961022377014	0.15504650723002836	Pf3D7_14_v3-3125829-3126040	AATTCTTATAATATTTAAGAATGAAGGGATTAAATATTTACATTTTAGCGAGGATACTCTGAAATATGTTAATTTTAATTATCCTGATTTTAACTTATATAAATGTATGAATTTATATAAGAAAAATTATGTTGATAGGGATGAGAAAGATATCTGTGATTTTTCAAATGAAGATATTCCGTTAATAAAAGAAAATAACAAGAGAACCAGG
1.0334682843662556e-12	1.829826004259849e-12	1.4129077248459243e-11	3.257865918986265e-12	Pf3D7_14_v3-3125829-3126040	AATTCTTATAATATTTAAGAATGAAGGGATTAAATATTTACATTTTAGCGAGGATACTCTGAAATATGTTAATTTTAATTATCCTGATTTTAACTTATATAAATGTATGAATTTATATAAGAAAAATTATGTTGATAGGGATGAGAAAGATATCTGTGATTTTTCAAATGAAGATATTCCGTTAATAAAAGAAAATAACAAGAGAATCAGG
0.37205269932746887	0.5714849233627319	0.7432950273156165	0.5625199106931685	Pf3D7_14_v3-3125829-3126040	AATTCTTATAATATTTAAGAATGAAGGGATTAAATATTTACATTTTAGCGAGGATACTCTGAAATATGTTAATTTTAATTATCCTGATTTTAACTTATATAAATGTATGAATTTATATAAGAAAAATTATGTTGATAGGGATGAGAAAGATATCTGTGATTTTTCAAATGAAGATTTTCCGTTAATAAAAGAAAATAACAAGAGAATCAGG
4.976332291118519e-12	4.1994844934833964e-8	0.02698667161166668	0.0016605036518223166	Pf3D7_14_v3-3125829-3126040	AATTCTTATAATATTTAAGAATGAAGGGATTAAATATTTATATTTTAGCGACGATACTCTGAAATATGTTAATTTTAATTATCCTGATTTTAACTTATATAAATGTATGAATTTATATAAGAAAAATTATGTTGATAGGGATGAGAAAGATATCTGTGATTTTTCAAATGAAGATTTTCCGTTAATAAAAGAAAATAACAAGAGAATCAGG
0.13427972793579102	0.2704659402370453	0.4983735680580139	0.28077307891100656	Pf3D7_14_v3-3125829-3126040	AATTCTTATAATATTTAAGAATGAAGGGATTAAATATTTATATTTTAGCGAGGATACTCTGAAATATGTTAATTTTAATTATCCTGATTTTAACTTATATAAATGTATGAATTTATATAAGAAAAATTATGTTGATAGGGATGAGAAAGATATCTGTGATTTTTCAAATGAAGATTTTCCGTTAATAAAAGAAAATAACAAGAGAATCAGG
1	1	1	1	Pf3D7_04_v3-0748617-0748789	ATTAATAAAAAAAATATATTTTACTAGAATAAATAGTACATATGAATGTGATGTATTTTTTCCAGAAATAAATGAAAATGAGTATCAAATTATTTCTGTTAGCGATGTATATACTAGTAACAATACAACATTGGATTTTATCATTTATAAGAAAACGAATAATAAAATGTTA
1	1	1	1	Pf3D7_05_v3-0213059-0213219	AATGTACTTATCCCCTGATATGATTTCTCCAATATCATCAAAATCAGTAATCTCTAAATCATTTATATGATTTATATGTATAAATTCTTTTATCTTGTTCAAATAATTTCTGTAATAAAATATATTCTCTTTATCATCATCAATTATTTTCATATAATCC
1	1	1	1	Pf3D7_05_v3-0796550-0796728	GTGGTTCTTCAATTGTTCATATAAGTTCTTTATTAGTAGGTGTATATTTATGTAGTAGTAGTGCAAATGCATTTAATCAAATTATTGAAAGAAATATAGATAAGTTAATGAAAAGAACCCAAAAAAGACCCTTAGCAAATAATAATCCAAATATGTCAGTTAAGCATGCTGAAATATT
1	1	1	1	Pf3D7_05_v3-0958105-0958317	TTTTTTATATCTGTGTTTGGTGTAATATTAAAGAACATGAATTTAGGTGATGATATTAATCCTATAATATTATCATTAGTATCTATAGGTTTAGTACAATTTATATTATCAATGATATCAAGTTATTGTATGGATGTAATTACATCAAAAATATTAAAAACTTTAAAGCTTGAATATTTAAGAAGTGTTTTTTATCAAGATGGACAATTTCA
1	1	1	1	Pf3D7_05_v3-0958952-0959135	AAATAATAAATCGAAAACCATTAGTTGAAAATAATGATGATGGAGAAACATTACCAAATATTAAAAAAATTGAATTTAAAAATGTAAGATTTCATTATGATACTAGAAAAGATGTTGAAATTTATAAAGATTTAAGTTTTACTCTAAAAGAAGGGAAAACATATGCATTTGTGGGAGAATCAG
1	1	1	1	Pf3D7_05_v3-0960841-0961021	TTAATACAGGAAGCATTTTATAATATGCATACTGTTATTAATTATGGTTTAGAAGATTATTTCTGTAATTTGATAGAAAAAGCTATTGATTATAAAAATAAAGGACAAAAAAGAAGAATTATTGTAAATGCAGCTTTATGGGGATTCAGTCAAAGCGCTCAATTATTTATTAATAGTTTT
1	1	1	1	Pf3D7_06_v3-0851515-0851740	AACAATAGTACATTCTGCATTTACATCACAACCTCCATTATTTTTTGAACAGTTCATATCTTTCATAGGTATACATTTAAAATAATTTACACTCATATCAACTATATAATTAGGTCGGCATCTACATTGTTCTTTATCTTTTTCGACAATATAACAACGTGAATTGGGTCCACATTTGGAATATTCACAAATATAATTTACTTTAAATATAACAAAATTTTTCAC
1	1	1	1	Pf3D7_06_v3-1214845-1215036	TTATTTAATCTTCTATGTGTAGGTTGATTGAATTGTCCAGTAATAAAACATGCATTTGGTTGTTGAGAGAAGGAAAATAACAATATATTGAAGCATTTGAAAAAGTGTTTATCCATTTTAAATAAATTTACTTCTTTATTAATTAATAAGTTATTATATGATTTGGTTTGTAGTCCTATAGTTAATACAGT
1	1	1	1	Pf3D7_06_v3-1215267-1215479	GGTTTTATAATATTTATTTCCTATCTTTTTTAATAAATTACCATAAACAAATGTATTATGTTCTAATGACGAGGTACATAATATATTTGTAGTTACATATGATTCGAAAGCATTCAATATTATTAATATAATACTAAGTATAATACCTAATTTAGAAAAAACATAAGGTATTGATAAAAAACCTACACCAATAGCTGTACATATAAAAAGTA
1	1	1	1	Pf3D7_06_v3-1215515-1215727	TAAATGTTCTACCCTTCCAATTTCTTTTTGGTTTGTTTGTTCCTTCTTCATCATTAGTATAATCCCCATCAGATATATCTACAATGGTATTATTATTATTATTATTGCTACTATTTTTTTTGCTATCTTTTTTTTTCTTTTTTTTATCATTGGAACCTTTAGTAATCAAATTGTTCGATTTTTTGTCATTTACATTTGTATATGTTTCTGTA
1	1	1	1	Pf3D7_08_v3-0102308-0102500	ATACCTTCATCTATTGAATTAATTTTCTCAAGTAACATATTTTTGTCTTGACTACTTTCATCTGTAAATGGAACGAATACTCTTTGCTTACCTGCAAAAAGGACAACTGACATATGAGCCTTATCCTTACTTACATTCGAATTAAGGACCATAGATTCTAAAAATGGTATAGTTCCTTTTAACCAATAATCC
1	1	1	1	Pf3D7_09_v3-0202886-0203076	TAATATACAAAGAATGCATATGATAAAATATTCTTTGTCCTTTAAAATTTTTTGTTCTTGTACTTTGTTTTTTATAATCTATTAAATTCATATCTGATGAAATATCATATTTATATTCCCCTTTATGAGCATTTACAAAAGTTTCGCTATTTCTTTTATTAATATATGTATTTGAGCACATATTTTTATC
1	1	1	1	Pf3D7_12_v3-2092558-2092765	AAGTTGAAGGGGGAGGAATGATCGGAGTTATCAGATTAGAAAATCAAGTGAGAAATCCCCCTGTAATAAAATTGAAGAGTCATACATCTCCCATCCTTGATTTGTCATTTAACCCGTGTTATAGTGAGATATTAGCTTCATGTTCAGAAGATATGTCTATAAGAATATGGGAGATACGTCATGAGGATGAGAATGTGAATGAGGTAA
1	1	1	1	Pf3D7_12_v3-2092682-2092852	TGAGATATTAGCTTCATGTTCAGAAGATATGTCTATAAGAATATGGGAGATACGTCATGAGGATGAGAATGTGAATGAGGTAAAGGATCCTTTATGTATATTAAATGGTCATAAGAAAAAAGTAAATATATTATCATGGAATCCTATGAATTATTTTATATTATCATCTA
1	1	1	1	Pf3D7_13_v3-1004772-1004969	ATTACATCGTAAAAATAATTTAAAATATTATATATATTATCTTTTCCTTTTGGGGGGTCTCTTTTCTTTATATATATATTTACATTTCTCTTCATTTTATTACATGATAAATTAATATTTAATGTACTAATATATATATTATTAATTTTTATTTTCTTCTTCTTTTTTATATTAAAACAAAATGAAGATTCTTTAAC
1	1	1	1	Pf3D7_13_v3-1724925-1725137	TCGCCATTTTCTCCTCCTGTAATTATATAAGAATCTGACAATGTGGCAGCTCCAAAATTCATTTTTTTCTCTGGTACACCATTTAGAAATTGCCATCTTTTATTAAATGGTTGATATTGTTCAACGGAATCTAATATGTTATGTTCATTATCAATACCTCCAACAACATATATTTGATTAAGGTAATTAAAAGCTGCTCCTGAACTTCTAGC
1	1	1	1	Pf3D7_13_v3-1725740-1725923	TGGTATGGGTATAGTTAACGGATTTCTTAAGAAGTTAAGTATAATTCTAAATAACTCACTATCCCTATCTAAGAATATTCTTCCTTGTTTATCTCTGGTTACATGATGTCTTCCACTTAATAATTTCTCTATAAATGAATCTTTTTGTTGTGTTAAGGTATGTCTAGATGTTTCAAAAATAGC
1	1	1	1	Pf3D7_13_v3-1725915-1726094	AAAATAGCTCCACCAACATTAATATCAATCATAGTTTCAGTAGCAATATTTGCATCAACAATTTTTTTTTTATCATTCTCAAAATTTTTATATTCTTGATAATATTTTTCTTTTTCTAAATATAATACTAATTTAATTTTATCGATTTCTTGTAAAAATCTTAATCTTTCTTCATCAAA
1	1	1	1	Pf3D7_13_v3-1726089-1726271	TCAAATCGTTTCCTATGTTCTTCTTTTTCTTTTTTTATTTGTTTATAACCATTAGATATATCAATATCTAATTTCTTTCTTTCATCATGTAATTTCTGTTCTTCAATATTTTTACGGTTTTCTAATTCTTTGTACAATCGTACTCTTTCCATTTCTAGTTCTTTCTTATCTTTAAATAATTT
1	1	1	1	Pf3D7_13_v3-1726206-1726375	TTTTCTAATTCTTTGTACAATCGTACTCTTTCCATTTCTAGTTCTTTCTTATCTTTAAATAATTTATCTTTTTCTCGAATAAAATTCATTTGTGTCTTTTTTAACCAATTAATAAATGTAATTCTTAAATCACCTACCATATTTTCAAAATCACTAGCATCACTTAATT
1	1	1	1	Pf3D7_13_v3-1726755-1726967	ATATCAATGGATTCTAATAGGCTATCTTTAACATTTCCATAACTACTATTATTTAAAAGGAAACTATTATTTTCCGTTTTCTCATTTTTATCACTAGTTAGATTCATAAATGAATTAGAATCATTCTCGCTACTACTTCCGCTTTTATCATCACTATTGCTGTTACCACCAGATTCCCTATCATACGTCATAGAAAAATTCGAGATACTATT
1	1	1	1	Pf3D7_13_v3-2545091-2545258	CATGATTCCTCAAAAGTTTAACATTCCACATAGTATCTGTTAAATTGATAGTTTGCAAACAATTATACGTTTGGTTATTTTTATTTTTAAAAAAGGATATATGATCATCTAAAGATTTATTTTTGAGAAAGATTTCCATATATTCATATATATCTTGAATACACCAG
1	1	1	1	Pf3D7_14_v3-0283380-0283552	TAAGCACATATGTAAAAGAGAGCTTCAAATTTTTTAAATCAGGTTATGCACAAAAAGGATATTTAGGAAGTGAAAATGACAGTATTGAATTAGATGATGTTGCTAATTTAATGTTTTATGGTGAAGGACAAATTGGAACTAATAAACAACCATTTATGTTTATTTTCGATAC
1	1	1	1	Pf3D7_14_v3-0284005-0284184	ATTAAATCATGACTTATATTGGCAAATAGATTTAGATATACACTTTGGTAAATATGTCATGCAAAAAGCAAATGCTGTTGTTGATAGTGGTACAAGTACTATAACAGCACCAACCAGTTTTCTTAATAAATTCTTTAGAGATATGAATGTTATTAAAGTACCATTCTTACCATTATATG
1	1	1	1	Pf3D7_14_v3-0288461-0288664	TATCTTATAGATAATGTATTATTCCCAAAAAATAAAAAGATAAATGAAATTATGAATACCTCAAAACATGTAATAATTGGATTTAGTATTGAAAATTCTCATGACAGAATTATGAAAACAGTAAAACAACACAGATTAAAAAATTATATTAAAGAATCCTTGAAATTTTTCAAAACAGGACTTACACAAAAACCACATTTAGG
1	1	1	1	Pf3D7_14_v3-0289328-0289517	GCACCAACTGAATTCCTTAACAAATTCTTTGAAGGTTTAGATGTTGTTAAAATACCTTTCTTACCATTATATATAACTACATGTAATAACCCTAAATTACCAACTCTAGAATTCAGATCAGCAACAAATGTTTATACCTTAGAACCAGAATACTACTTACAACAAATATTCGATTTTGGTATATCATTA
1	1	1	1	Pf3D7_14_v3-0293607-0293796	CTTTTGTAGTGTAATGTGTGGTTTATTTTATTATGTGTATGAAAATGTATGGCTTCAAAGAGATAATGAAATGAATGAAATTTTAAAAAATTCCGAACATTTAACTATTGGATTTAAAGTTGAAAATGCACATGATAGAATTTTGAAAACTATAAAAACACATAAATTAAAAAATTACATTAAAGAATC
1	1	1	1	Pf3D7_14_v3-0294534-0294741	GCAGAATTTAGATGTTATCAAAGTCCCATTCTTACCTTTCTATGTAACTCTTTGTAACAACAGCAAATTACCAACTTTTGAATTTACCTCAGAAAATGGTAAATACACATTAGAACCTGAATACTACCTTCAACACATAGAAGATGTTGGTCCAGGATTATGTATGCTTAATATCATAGGATTAGATTTTCCAGTACCAACCTTTAT
1	1	1	1	Pf3D7_14_v3-0294537-0294730	GAATTTAGATGTTATCAAAGTCCCATTCTTACCTTTCTATGTAACTCTTTGTAACAACAGCAAATTACCAACTTTTGAATTTACCTCAGAAAATGGTAAATACACATTAGAACCTGAATACTACCTTCAACACATAGAAGATGTTGGTCCAGGATTATGTATGCTTAATATCATAGGATTAGATTTTCCAGTA
1	1	1	1	Pf3D7_14_v3-0297615-0297824	CAGGAGGTTTTTCTTATTATATTTTTGAAAATTTCGTTTTTCAAAAGAACCGTAAAATTAATCACATAATTAAGACTTCAAAATATTCGACAGTAGGATTTAATATTGAAAATTCTTATGATAGACTTATGAAAACAATTAAAGAGCATAAATTAAAAAATTATATAAAAGAATCAGTAAAACTTTTTAATAAAGGTTTAACCAAAAAA
1	1	1	1	Pf3D7_14_v3-0297960-0298129	TACCCAGTATAAAATGTACATCAGAGTCTTGTGAAAGTAAAAATCATTATGATTCATCAAAATCAAAAACATATGAAAAAGATGATACGCCTGTTAAATTGACAAGTAAAGCTGGTACAATAAGTGGAATATTTAGTAAAGATTTAGTAACTATTGGTAAATTATCAGT
1	1	1	1	Pf3D7_14_v3-0298400-0298603	CACGATTTAATGTGGCAAGTTGATTTAGATGTACATTTTGGTAATGTATCTTCCAAAAAAGCAAACGTTATTTTAGATAGTGCCACCAGTGTCATAACTGTACCAACAGAATTTTTTAATCAATTCGTAGAATCTGCAAGTGTTTTCAAAGTTCCATTCTTATCTTTGTATGTAACCACTTGTGGTAACACGAAATTACCAAC
1	1	1	1	Pf3D7_14_v3-0771432-0771601	TACCCACGGGACATTTTAATTTATACCTATTGGAACATTTTTTATTAGGTCTTTCTTTATGATTCTTCTTTAAAATAGGTTCATCATTATTTGAGTAAACTAACAGATCATTATCGTTCTCAAAATTATTATAACCATCAATATTTTTATTTCCATATACATCTATAAT
1	1	1	1	Pf3D7_14_v3-1954881-1955099	TTTCAGTATGTGGTTCATTTGATTTTGATTGCATATTCCACATTTCTGTGTATTCTCCATTACATTTTAATAAATCTAGATGTGTTCCTCTTTCTATAATTTTTCCTTTGTTCAATAAGATAATTAATTCAGCGGTTGTGATAGTACATAGTTTATGTGCTATAATAATAATGGTTCTATTTTTTCTTAAATCTTCTACAGCTTTTTGGAAAAGATAT
1	1	1	1	Pf3D7_14_v3-1956395-1956609	TGTACTTGTGAATATAATACACCACAAACCTCTTTTAAAAATTTAGATATAAAAAAAAATGTTACATATAAACCTAAATAATATACTGAACTAGATAAACTCTTTTTTAATACTTCATTTGATGCCCAACCTAAATATATCGGAGAAATTACACTAAATACTTTTGATACTAATATAAATAAAAATATTAGAACAATATATGTACGTAATATAG
1	1	1	1	Pf3D7_14_v3-1957250-1957447	GTTATTAAATACATGTTAGTATTATAAAGAGGATTTTCTGATTTTATTACATAACTATAATTTATCATCTTTATTACATTCAATATAACTAAGATACCGGTTATATGTCTGGATAATACATACACCTTTCCTAATGTATTCAATTCTGTTAACTTTTTATGTAATCTAAATAAAATTACGGTGTATATTATTCTTAT
