panel_id	target_id	ref_seq
ReducedMAD4HATTER	Pf3D7_01_v3-0181544-0181729	TTTCATTATTGTTTTCATTCTTTTTTTAACGAAAACTATTCATCTCAAAAATATAAGATATTTTATATGACGAATGCCATTGTATTTTTTGTTACGTAAAACCTGACTTCTTCAAGGAAAACACATGCGCATTTTCACCAATTTTTGCCTAAGCTTATTATAAAAAGTATATTAAATGTATGACT
ReducedMAD4HATTER	Pf3D7_01_v3-0528889-0529073	ATTTGATTCTTTTTAATGAAAAAGAAGCTAAAGATATGTCAGACCATATAATTTCCCAACAAAAACGTTATTGCTCTACCAATATTCATAGTAATTATAATAATAAAATATGTATATGTAAAAATAAGCGACATCATAACAAAAGAGGGAAAGGAATAAAGCATCCTGACATACATCAAAAGGA
ReducedMAD4HATTER	Pf3D7_02_v3-0290610-0290789	TTTATTATAAGGATTATAATTATTATCATTCTTATTATATGGATTAATATAATTTCGATCATTATCATTACTGTTTTTATCATATTGTGGATAATTATTTCTATTTCTATTTTGATTAAAATCCGATTGTCTATATCTAACTCTAATATCTGTAGATGCTAAATCATTAGGTAATGGGA
ReducedMAD4HATTER	Pf3D7_02_v3-0291801-0291984	TTAATATCATAAGGTTTGAATATTTTCCTCTCAGGTATTATACCAACAGAAGGTTTATCATCATCTTTAAAACCTGCTCTATCTTTAACCCATTGATTAGGATTTTTTAAACATAAAGCTGGATTCTTTAATAAATCTTTCATATGTTCCATATTATTTTCTTCATTTATATATGATTCTACA
ReducedMAD4HATTER	Pf3D7_03_v3-0891585-0891794	ACAAGAGCTAAGAAAACATATAGAATCATCATAAGGATGTTGATAATATAAATGTGTTTTTATTTGTGTATTTATGTCAGAATATTGTTCCTTTGATTTATCTTTAAAATAATCAATATTATTTATGTTGGTGGCTTTATTATTATTAAAATAATTTTGATTTGTTACATGATGACTAGGGGTATATTTGTATTTTACGTTTTTATTAT
ReducedMAD4HATTER	Pf3D7_04_v3-0109961-0110151	TCAACATCTGAATTATATAAATCTTTAGAAAAACAACTAATATCCTTACTCGATATATTTATTTTTATACCAAGAATAACAGCCATATAAACCAAAACTCTCTCAAATACATGTGATACAGGTAAATAAGAAAAATGGGTTTTCGGTTTCATGTTTTTTATTACATTATGATCACATAATGGTGCTACTG
ReducedMAD4HATTER	Pf3D7_04_v3-0115483-0115652	TTATTAATGTCATTTTGTTTTTCTTTATTATTATTATTTTTATTTTTTCCCTGGTTATCTTCCTTATTACCTAGCTTTTTTTTGTTGTCATTATTTTCTGTCTGATTATTATTTTTGACTTTGTTCATCTTTGAATTATCCGTTCTGTTTGTATGTCTCAAGCAAGGTT
ReducedMAD4HATTER	Pf3D7_04_v3-0544486-0544685	TACAAAATATAATACTTTATATACAAATGCTTATAAAAAATTTTAACTCGAACGTACTTCAAAATAATATAAATGAACAAGAAGTAATACATAATAACATCAACATTAATAATATAAAAGAAGAACAAATTATACCAAATAATATCAAGAATATCCATAATAATGACAATATTAATCATTGTGATGATAATAAAATAAA
ReducedMAD4HATTER	Pf3D7_04_v3-0748128-0748326	ATGTGCATGTTGTAAGGTTGAAAGCAAAAATGAGGGGAAAAAAAATGAGGTTTTTAATAACTACACATTTAGAGGTCTAGGAAATAAAGGAGTATTACCATGGAAATGTAATTCCCTAGATATGAAATATTTTTGTGCAGTTACAACATATGTGAATGAATCAAAATATGAAAAATTGAAATATAAGAGATGTAAATA
ReducedMAD4HATTER	Pf3D7_04_v3-0748406-0748581	CAAGCTGGGAAAGCATTCCAAAAAAATTTAAACCTTTAAGCAATAGGATAAATGTTATATTGTCTAGAACCTTAAAAAAAGAAGATTTTGATGAAGATGTTTATATCATTAACAAAGTTGAAGATCTAATAGTTTTACTTGGGAAATTAAATTACTATAAATGTTTTATTATAGG
ReducedMAD4HATTER	Pf3D7_04_v3-0748617-0748789	ATTAATAAAAAAAATATATTTTACTAGAATAAATAGTACATATGAATGTGATGTATTTTTTCCAGAAATAAATGAAAATGAGTATCAAATTATTTCTGTTAGCGATGTATATACTAGTAACAATACAACATTGGATTTTATCATTTATAAGAAAACGAATAATAAAATGTTA
ReducedMAD4HATTER	Pf3D7_04_v3-1005970-1006155	AGTCTTAACATTAATCTTAGTTACAAAGTTACATGGATTTATTGAAAAGATATTTTCGTCACTATATTTCTTTTTTTCCATATCTGTTTGATCATTTTGATATGTTTTCATATTATCCATATGTTCATTATTTTGATCAATATAATTTTTTTTTATAATAAATTTAGAATTATTTTTAAAGAAAA
ReducedMAD4HATTER	Pf3D7_05_v3-0213059-0213219	AATGTACTTATCCCCTGATATGATTCCTCCAATATCATCAAAATCAGTAATCTCTAAATCATTTATATGATTTATATGTATAAATTCTTTTATCTTGTTCAAATAATTTCTGTAATAAAATATATTCTCTTTATCATCATCAATTATTTTCATATAATCC
ReducedMAD4HATTER	Pf3D7_05_v3-0350840-0351019	TTAATATAATTTGAGTTGATAATATTATAATTATTTTTTATATGTTGCTCATTTATATTATTATGATAAATATGAGTTGTATTTTTATTAGAGTTGTAGGACATTTTCCCATACATGAGTTGTTTTACATTTTTAACATTTTTATAATTATGTATTAAACATAAGATTATTAGATAAAC
ReducedMAD4HATTER	Pf3D7_05_v3-0395919-0396103	GTCTAAGGATTGTTGGTTTTTTAGGATGCTCATCTTTTTAAGATAATCCTCTTTACTGTCGTTATTATTTAAATCGTTTTGTATAATATTATATTGTGAATTCCTTGTGTTTTTCATAATACTATTAGTCCTATTGGTGTTCTTCTTATTATTATTATTATTATTGTTCTTCTTCTTAATAAAA
ReducedMAD4HATTER	Pf3D7_05_v3-0550834-0551043	TATATAATACACCTTTCTTATTTATATTAATCTTTTCATTTTTACAAGAAATCACCTCCCTACTTATTCGGTTGTCCTCATTTTCATATTTCATAACACCATCATTTATTTTTTCTATTTCTTTAATATTATTTTCTCCTTGGACGTAATTATGCTTTCCTATCATCTCCTTTGCTCTACTTCCTATATATACTAATTTCTCTCTGAAT
ReducedMAD4HATTER	Pf3D7_05_v3-0668787-0668979	ATAATATTATCTGGCTCTGTAACCATGTCCGAACATATGTTAACAGGAGAATCTGTTCCTATACATAAAGAGCAGTTACCTTTTGAAGGAAATGCTATTATAAATAAAAATAATAAATATGAGAGTAACGATGAAAAGGATGATTACCTTCGTATTTATAATAATCATGCTAGTATTAATATGATCAAGCGT
ReducedMAD4HATTER	Pf3D7_05_v3-0796550-0796728	GTGGTTCTTCAATTGTTCATATAAGTTCTTTATTAGTAGGTGTATATTTATGTAGTAGTAGTGCAAATGCATTTAATCAAATTATTGAAAGAAATATAGATAAGTTAATGAAAAGAACCCAAAAAAGACCCTTAGCAAATAATAATCCAAATATGTCAGTTAAACATGCTGAAATATT
ReducedMAD4HATTER	Pf3D7_05_v3-0958105-0958317	TTTTTTATATCTGTGTTTGGTGTAATATTAAAGAACATGAATTTAGGTGATGATATTAATCCTATAATATTATCATTAGTATCTATAGGTTTAGTACAATTTATATTATCAATGATATCAAGTTATTGTATGGATGTAATTACATCAAAAATATTAAAAACTTTAAAGCTTGAATATTTAAGAAGTGTTTTTTATCAAGATGGACAATTTCA
ReducedMAD4HATTER	Pf3D7_05_v3-0958394-0958580	AATTTATAACAATTTTTACATATGCCAGTTCCTTTTTAGGTTTATATATTTGGTCATTAATAAAAAATGCACGTTTGACTTTATGTATTACTTGCGTTTTTCCGTTAATTTATGTTTGTGGTGTCATATGTAATAAGAAAGTAAAATTAAATAAAAAAACATCTTTGTTATATAATAACAATACCA
ReducedMAD4HATTER	Pf3D7_05_v3-0958952-0959135	AAATAATAAATCGAAAACCATTAGTTGAAAATAATGATGATGGAGAAACATTACCAAATATTAAAAAAATTGAATTTAAAAATGTAAGATTTCATTATGATACTAGAAAAGATGTTGAAATTTATAAAGATTTAAGTTTTACTCTAAAAGAAGGGAAAACATATGCATTTGTGGGAGAATCAG
ReducedMAD4HATTER	Pf3D7_05_v3-0960841-0961021	TTAATACAGGAAGCATTTTATAATATGCATACTGTTATTAATTATGGTTTAGAAGATTATTTCTGTAATTTGATAGAAAAAGCTATTGATTATAAAAATAAAGGACAAAAAAGAAGAATTATTGTAAATGCAGCTTTATGGGGATTCAGTCAAAGCGCTCAATTATTTATTAATAGTTTT
ReducedMAD4HATTER	Pf3D7_05_v3-0961543-0961730	TCTGCAGAAGATTATACTGTATTTAATAATAATGGAGAAATATTATTAGATGATATTAATATATGTGATTATAACTTAAGAGATCTTAGAAACTTATTTTCAATAGTTAGTCAAGAACCCATGTTATTTAATATGTCCATATATGAAAATATCAAATTTGGAAGAGAAGATGCAACATTGGAAGATG
ReducedMAD4HATTER	Pf3D7_05_v3-1322131-1322313	TTTCCAATAGAAACTATATTACGATTTCCTTCATGAGGTAAATTGACATTCATCTTATATGTATAATTAAGGATGAGTAATAAATTGTATAAAAATATTTTTATTTAATAATTTATATGTATTATTAATAATTCTGAATTTATCAATTGATATATTATTTTTGTTTTTCTTTATGCCATTCA
ReducedMAD4HATTER	Pf3D7_06_v3-0532194-0532380	AAGAACAATTGCTAAACACCAAATTGGGTGAAACAAAAAACCACCTGAACAGAACCCCATTTATACCTGAATCGGTCATACGAGAAAGGAAATTACGCCAAGAAAAAGCTCAATCCACAAACAACATGTTCGATTCAACAAACGCAGATAGTATTACGTCCCCATGTGATCCAACGAATGCCACGG
ReducedMAD4HATTER	Pf3D7_06_v3-0851515-0851740	AACAATAGTACATTCTGCATTTACATCACAACCTCCATTATTTTTTGAACAGTTCATATCTTTCATAGGTATACATTTAAAATAATTTACACTCATATCAACTATATAATTAGGTCGGCATCTACATTGTTCTTTATCTTTTTCGACAATATAACAACGTGAATTGGGTCCACATTTGGAATATTCACAAATATAATTTACTTTAAATATAACAAAATTTCTCAC
ReducedMAD4HATTER	Pf3D7_06_v3-1214845-1215036	TTATTTAATCTTCTATGTGTAGGTTGATTGAATTGTCCAGTAATAAAACATGCATTTGGTTGTTGAGAGAAGGAAAATAACAATATATTGAAGCATTTGAAAAAGTGTTTATCCATTTTAAATAAATTTACTTCTTTATTAATTAATAAGTTATTATATGATTTGGTTTGTAGTCCTATAGTTAATACAGT
ReducedMAD4HATTER	Pf3D7_06_v3-1215267-1215479	GGTTTTATAATATTTATTTCCTATCTTTTTTAATAAATTACCATAAACAAATGTATTATGTTCTAATGACGAGGTACATAATATATTTGTAGTTACATATGATTCGAAAGCATTCAATATTATTAATATAATACTAAGTATAATACCTAATTTAGAAAAAACATAAGGTATTGATAAAAAACCTACACCAATAGCTGTACATATAAAAAGTA
ReducedMAD4HATTER	Pf3D7_06_v3-1215515-1215727	TAAATGTTCTACCCTTCCAATTTCTTTTTGGTTTGTTTGTTCCTTCTTCATCATTAGTATAATCCCCATCAGATATATCTACAATGGTATTATTATTATTATTATTGCTACTATTTTTTTTGCTATCTTTTTTTTTCTTTTTTTTATCATTGGAACCTTTAGTAATCAAATTGTTCGATTTTTTGTCATTTACATTTGTATATGTTTCTGTA
ReducedMAD4HATTER	Pf3D7_07_v3-0105200-0105414	TGACTACTAACAGAGTGACTACCTACGCTATGTTGAGATGAATTCCTTCCATCTGAATTACTTCCAGATAGGTGATTTTCTGTACTTCCATCTGAATTGTTTTTATATAATTGACTTTCCTTTTGTCCATCTAAATTATGCACTGCACTATGAGTTCCTTCACCCAAATTATTACTGTTTGTTGTATCATCATTTAAATCAAATCCATTTCTTT
ReducedMAD4HATTER	Pf3D7_07_v3-0403499-0403683	TTTAGGTGGAGGTTCTTGTCTTGGTAAATGTGCTCATGTGTTTAAACTTATTTTTAAAGAGATTAAGGATAATATTTTTATTTATATTTTAAGTATTATTTATTTAAGTGTATGTGTAATGAATAAAATTTTTGCTAAAAGAACTTTAAACAAAATTGGTAACTATAGTTTTGTAACATCCGAA
ReducedMAD4HATTER	Pf3D7_07_v3-0403507-0403717	GAGGTTCTTGTCTTGGTAAATGTGCTCATGTGTTTAAACTTATTTTTAAAGAGATTAAGGATAATATTTTTATTTATATTTTAAGTATTATTTATTTAAGTGTATGTGTAATGAATAAAATTTTTGCTAAAAGAACTTTAAACAAAATTGGTAACTATAGTTTTGTAACATCCGAAACTCACAACTTTATTTGTATGATTATGTTCTTTA
ReducedMAD4HATTER	Pf3D7_07_v3-0403833-0404021	ATATATATATATATATATATATATATATATATATATATATATATATGTATGTATGTTGATTAATTTGTTTATATATTTATATTTATTTCTTATGACCTTTTTAGGAACGACACCGAAGCTTTAATTTACAATTTTTTGCTATATCCATGTTAGATGCCTGTTCAGTCATTTTGGCCTTCATAGGTCTT
ReducedMAD4HATTER	Pf3D7_07_v3-0404808-0404981	CCTGTATACACCCTTCCATTTTTAAAACAACGTAAGAATTAATTAGGAAAGAAAAAATAAAATAAAATGAAATGTGCCCATATATATATATATATATATGTATGTATGTATAATTTTCCCTTTTTAGTTCATTTACCATATAATGAAATATGGACAAATATAAAAAATGGTTT
ReducedMAD4HATTER	Pf3D7_07_v3-0405357-0405543	TTTAACATTTGTGATAATTTAATAACCAGCTATGTAAGAATAAAAAGGATGAAAAACGTTGATACATACAAGAGGAAATAAATATGGGAATGTTTAATTGAATTAAGATATATATATATATATATATATATATATATATATATGTAACCATATAATTTTTCATTTTCTATGCTTTTTATAGATTAT
ReducedMAD4HATTER	Pf3D7_07_v3-0405549-0405743	ATTTTCTACCATGACATATACTATTGTTAGTTGTATACAAGGTCCAGCAATAGCAATTGCTTATTACTTTAAATTCTTAGCCGTAAGAATTAAAAAGATATAAATATATAAATATATATGTGAAATATATGATATATATGATATATATTTTTTATATGTAATGTTTTTTTTTTTTTTCACAATATACATTTAAA
ReducedMAD4HATTER	Pf3D7_07_v3-0405597-0405815	AATAGCAATTGCTTATTACTTTAAATTCTTAGCCGTAAGAATTAAAAAGATATAAATATATAAATATATATGTGAAATATATGATATATATGATATATATTTTTTATATGTAATGTTTTTTTTTTTTTTCACAATATACATTTAAATGTTTATGATGGTACAACGTATCATATTTTATAATAATTTTATGCATTCATGTATATTATTTTTACTTTTTA
ReducedMAD4HATTER	Pf3D7_07_v3-0432855-0433064	GTTGAAAAAGTCATCATCAGAATGGGGATGATTATTATTGTTATTATGAGTTTGGTTCGTATTAATATTATGCTCCTTTTCGTTATTTAATTTATGTTCATTTATATTTTTATAAATAAATAATTTTCCAAGAAGTATACCATTAATAAACTTACTAGTTAACATATTAGACTGCTCAATATTTGTACATTTTTTTAATGTATGTATTA
ReducedMAD4HATTER	Pf3D7_07_v3-0627381-0627592	ATCACTAAGATAATTATTATTACTATTTTCAGCATAATAAAATTTCTGATGTTTTATAAGAGGAGTTTGGTTAGAAGCAAAATTATCAGCAGTTGTCGAATAATTATTATGTTCTTGATAAAAGAGATTATTCATATAGTTATTATTATTTTTCATATCATCCATAGTATTATTGTTAATATAAAATTCCTCATATGAATTATATATATAA
ReducedMAD4HATTER	Pf3D7_07_v3-0729507-0729725	ATGAATGTTCAGAAATTTTATATCACTTAAATCGTTTGAGTGCGTTAGATCAAATATTGTTGAAAGATAAAATAAGTATATATGAGTATCAGCTAAAGGACACGTTTTTAACAACGTATGATATAGGTTGTTTATTAAAAATAGCTCAAGTGTTGAATGAACAAAATTATTATGATAACATTCCATTTTTGCATATATTTTTATATAACATACATAAA
ReducedMAD4HATTER	Pf3D7_07_v3-0896645-0896816	TACAATGAAAAAATGTATTAATGATGAATTATATAAAATAAAAATAAATGTAGGTTTATATAAAAAGGATAGAAAAAAATTATCCTTTTTTATATTGTTGCATAAATTTTATTTAGATAATTATAATATTGTTATTAATAAATTAAAAAATATGAATAATTTAATAGAAAA
ReducedMAD4HATTER	Pf3D7_08_v3-0102308-0102500	ATACCTTCATCTATTGAATTAATTTTCTCAAGTAACATATTTTTGTCTTGACTACTTTCATCTGTAAATGGAACGACTACTCTTTGCTTACCTGCAAAAAGGACAACTGACATATGAGCCTTATCCTTACTTACATTCGAATTAAAGACCATAGATTCTAAAAATGGTATAGTTCCTTTTAACCAATAATCC
ReducedMAD4HATTER	Pf3D7_08_v3-0336453-0336618	TTAACAACGAACCCATAAATTTACAGAAAAATTTAGATTTAATCATATGGCTAAAAAAGAATATAAAAGAAGGAGAAGCTTTAATTTCTGATATACCCACATCAAGTTTTTTAAGGTGTACTACAAATTATAAATTTGTATTGCATCCACAATATGAAGATAGTA
ReducedMAD4HATTER	Pf3D7_08_v3-0549609-0549776	AACGTGCTGTTCAAAGAATGTTTGAAATGATAAATGAAGGTGCTAGTGTTATAGATATAGGTGGAGAATCCTCTGGTCCTTTTGTTATACCTAATCCAAAAATTAGTGAAAGAGATTTAGTAGTACCTGTATTACAATTATTTCAAAAAGAATGGAATGATATAAAA
ReducedMAD4HATTER	Pf3D7_08_v3-0549988-0550182	GGATAAACTAACAAATTATGATAATCTAGTTTATGATATAAAAAATTATTTAGAACAAAGATTAAATTTTCTTGTATTAAATGGAATACCTCGTTATAGGATACTATTTGATATTGGATTAGGATTTGCGAAGAAACATGATCAATCTATTAAACTCTTACAAAATATACATGTATATGATGAGTATCCACTTT
ReducedMAD4HATTER	Pf3D7_08_v3-0550089-0550294	TACTATTTGATATTGGATTAGGATTTGCGAAGAAACATGATCAATCTATTAAACTCTTACAAAATATACATGTATATGATGAGTATCCACTTTTTATTGGATATTCAAGAAAAAGATTTATTGCCCATTGCATGAATGATCAAAATGTTGTAATAAATACACAACAAAAATTACATGATGAACAACAAAATGAAAATAAAAATAT
ReducedMAD4HATTER	Pf3D7_08_v3-1099750-1099944	AAAAAAATAAAAAATCAAACAAGATAAATAATAATGTATATAATACTAGTGGTATAAAAAATAATGATCAAAATATGGATAATATGAATCAAAAAGGGAAAAGTAACAAAAATTCAAATAAATATAATTTTGATGAAGAGGATTTATGGTTTTTATGTGATTTATGTAATAATCCTATAAGTCCGTTATGTTAT
ReducedMAD4HATTER	Pf3D7_08_v3-1176345-1176524	TTACATCCAATGAATATTTTACACTTAAAAGAAATAAACAAATTATTCATAATAAAATACATATACTTTCTATGCAAAAAAATAAACAAAATACAAACGAGCTAAACAAATCATGTAATATTAACGCCATCATATTTAATATTAATTCTGATGATTTTGAGGTAGGCGATGAAATTGTG
ReducedMAD4HATTER	Pf3D7_09_v3-0202886-0203076	TAATATACAAAGAATGTATATGATAAAATATTCTTTGTCCTTTAAAATTTTTTGTTCTTGTACTTTGTTTTTTATAATCTATTAAATTCATATCTGATGAAATATCATATTTATATTCCCCTTTATGAGCATTTACAAAAGTTTCGCTATTTCTTTTATTAATATATGTATTTGAGCACATATATTTATC
ReducedMAD4HATTER	Pf3D7_09_v3-0595860-0596063	CATAATTTTTTCATCGTTCTTATACATTAATGATAAAGTCTTTTTGCAAAATTTTTTGAAGAGATCAGATTTGAGATAAAGACGTTTGGCTAATTTATACGAGAATTCGAGAGCATCTAATTTTATATTTAAACATTTTTTCGTATCCAATATATTATAATTTTGTTCATAAGTCTGTTCATTTATATTATTTAATACTTTTA
ReducedMAD4HATTER	Pf3D7_10_v3-1414369-1414565	AGACCTGAATGGAAAGGCCAATGTGATAAATTTGAAAAAGAAAAAAGTAAATATGAAGATACTAAAAGTATAACTGCTGAAAAATATTTAAAAGAAATATGTTCTGAATGTGATTGTAAATATAAAGATTTGGATAATACATTTAAAGAATTTAAAGATAACGTTACACTTCTTAAAGCAGTAATTGATAACAAAA
ReducedMAD4HATTER	Pf3D7_11_v3-0115945-0116151	TACCTCCCGATGTTATAAATATTATATTATCATCATCATTTGGAAGGAAATTCTCCTCTAATGTTTTTAATATTTCATCTATATTTTTAGGTCTCAATTTACTATTGAAAAATTTTGAATACTTCAAAAAATAATCATCATCTTTTACATTACATATATTATCATTATTTTCATTTTGTTTTAGTAGTTCATCTTTTATATTATCT
ReducedMAD4HATTER	Pf3D7_11_v3-1293943-1294136	ATCCATATCAAAATAGTGATGTGTATCGTCCAATCAACGAACATAGGGAACATCCAAAAGAATACGAATATCCATTACACCAGGAACATACATACCAACAAGAAGATTCAGGAGAAGACGAAAATACATTACAACACGCATATCCAATAGACCACGAAGGTGCCGAACCCGCACCACAAGAACAAAATTTATT
ReducedMAD4HATTER	Pf3D7_11_v3-1294690-1294888	CAAAAGATATATCATTTCAAAACTATACATATTTAAGTAAGAATGTAGTTGATAACTGGGAAAAAGTTTGCCCTAGAAAGAATTTACAGAATGCAAAATTCGGATTATGGGTCGATGGAAATTGTGAAGATATACCACATGTAAATGAATTTCCAGCAATTGATCTTTTTGAATGTAATAAATTAGTTTTTGAATTGA
ReducedMAD4HATTER	Pf3D7_11_v3-1295135-1295311	TACTACTGCTTTGTCCCATCCCATCGAAGTTGAAAACAATTTTCCATGTTCATTATATAAAGATGAAATAATGAAAGAAATCGAAAGAGAATCAAAACGAATTAAATTAAATGATAATGATGATGAAGGGAATAAAAAAATTATAGCTCCAAGAATTTTTATTTCAGATGATAAAG
ReducedMAD4HATTER	Pf3D7_12_v3-0659902-0660096	TGGTGGTTTAACATTTTCAGCTACGAGATTTTCGAATGATGGCAATCCTACTTTGATTAATTCCTTTAACATAGATTTTGCGTGTTTTTTTACTTCTGATTTGATATCAAAGCTTGATTCTAAAAAGGTTGGTGAATTTTTTTGTAAAACACTGACAAGTTCATTTGATATGGTCTCTGCTAAATCATCACCAA
ReducedMAD4HATTER	Pf3D7_12_v3-2092558-2092765	AAGTTGAAGGGGGAGGAATGATCGGAGTTATCAGATTAGAAAATCAAGTGAGAAATCCCCCTGTAATAAAATTGAAGAGTCATACATCTCCCATCCTTGATTTGTCATTTAACCCGTGTTATAGTGAGATATTAGCTTCATGTTCAGAAGATATGTCTATAAGAATATGGGAGATACGTCATGAGGATGAGAATGTGAATGAGGTAA
ReducedMAD4HATTER	Pf3D7_12_v3-2092682-2092852	TGAGATATTAGCTTCATGTTCAGAAGATATGTCTATAAGAATATGGGAGATACGTCATGAGGATGAGAATGTGAATGAGGTAAAGGATCCTTTATGTATATTAAATGGTCATAAGAAAAAAGTAAATATATTATCATGGAATCCTATGAATTATTTTATATTATCATCTA
ReducedMAD4HATTER	Pf3D7_13_v3-0146724-0146904	AAAAGTATTTGTAATAGATTAAACGATGAACTAAATGAAGAAATATGTGGTTATCAAATTAGGTTTGAAAAATCGTATTTTTTAAAACATAGTAAAATTAAAGTTATGACAGAAGGAATTTTATTGAAAGAAATTATGAGTGATTTTATTTTATCAAAATATAGTGTTATTATTCTTGAT
ReducedMAD4HATTER	Pf3D7_13_v3-1004772-1004969	ATTACATCGTAAAAATAATTTAAAATATTATATATATTATCTTTTCCTTTTGGGGGGTCTCTTTTCTTTATATATATATTTACATTTCTCTTCATTTTATTACATGATAAATTAATATTTAATGTACTAATATATATATTATTAATTTTTATTTTCTTCTTCTTTTTTATATTAAAACAAAATGAAGATTCTTTAAC
ReducedMAD4HATTER	Pf3D7_13_v3-1265526-1265694	TTGTCATATACAGATTATAAAAATGATCATAGAATAAGCGAAATCTTAAATCGTTGTATTTTACGATTAAACGAGTTTGATCTAATTCATTTATCTTCTTTGGTCATATCTTTAAGTAAAATGAATTTTAGGAGTGTGTATTTTCTGGAACAAGTACAAAAGAAATTT
ReducedMAD4HATTER	Pf3D7_13_v3-1419395-1419601	TTTTTGAAATCTGTATATTTTTTACCATATTCATCGAGATTTATTTTGTTCTTTTTGTTTGAAATATCAACTACATGATTAAAAACATCTCCTAAATTATATAATTTCTTATCTAGGTCTTTTTGAAATGTCGATTCTCCTCCTTGTGCTGGTTTTTGTACTTCTTGTCCTTGTGTTGATATCTCTTGTTCATTTTTAGATTGAGT
ReducedMAD4HATTER	Pf3D7_13_v3-1465638-1465870	TTCTTGTGGATTATTATCTATTATATTTTCGTTTGGTTTTTCGACAGCAAAATTATCTCCTCTTGGTCTAGGTTGATCATCTTCGGGTTCATCTGGAACATCTAATGGTTCCCGTTTTGGAAGACATCTTTCTTCTTCACATTGTTCTTGTAATTCACTTGTACATCCTTCGTGTAAGATTTCTCTTTTTCTTGACCTGGTACCTTTACCACAAGTTACACTACATGGAGAC
ReducedMAD4HATTER	Pf3D7_13_v3-1465925-1466124	TCATAAAGGGTCCGATAACATTTTTTACATTTTCCCATGCAGAATCAGCATACAAGTTACATTTACCATCTGATGGATGACAACCTACAAGAAATCTGTTGAAAGCTACATTAATACCTTGTCCAATACCAAAAACAGCTATTTTAACACCACGATCACTTAATTTTCTTGATTCTTTTAATGAATCTTGAATACTATC
ReducedMAD4HATTER	Pf3D7_13_v3-1724925-1725137	TCGCCATTTTCTCCTCCTGTAATTATATAAGAATCTGACAATGTGGCAGCTCCAAAATTCATTTTTTTCTCTGGTACACCATTTAGAAATTGCCATCTTTTATTAAATGGTTGATATTGTTCAACGGAATCTAATATGTTATGTTCATTATCAATACCTCCAACAACATATATTTGATTAAGGTAATTAAAAGCTGCTCCTGAACTTCTAGC
ReducedMAD4HATTER	Pf3D7_13_v3-1725151-1725336	ATGGAAATTGTTCCCATTTATTCATTTTTTCTTCATATACTTCAATAGAATTTAATCTCTCACCATTAGTTCCACCAATGACATAAATTTTATTATCAAAAGCAACACACATAGCTGATGATCTAGGGGTATTCAAAGGTGCCACCTCTACCCATGCTTTCATACGATGATCATATGCTTCTACA
ReducedMAD4HATTER	Pf3D7_13_v3-1725231-1725441	ACATAAATTTTATTATCAAAAGCAACACACATAGCTGATGATCTAGGGGTATTCAAAGGTGCCACCTCTACCCATGCTTTCATACGATGATCATATGCTTCTACATTCGGTATAATAGAAGAGCCATCATATCCCCCAATACAATAAATTCTACCATTTGACGTAACACCACAATTATTTCTTCTAGGTATATTTAAATTACTTGAAACA
ReducedMAD4HATTER	Pf3D7_13_v3-1725403-1725620	AATTATTTCTTCTAGGTATATTTAAATTACTTGAAACATACCATACATCTCTTAAACGATCATACACCTCAGTTTCAAATAAAGCCTTATAATCATAGTTATTACCACCAAAAACGTATAAGAAATTATTCAATACAGCACTTCCAAAATAAGCTTTTTTGGTAGACATAGGTGTACACATACGCCAGCATTGTTGACTAATATCTAATAATTCCAT
ReducedMAD4HATTER	Pf3D7_13_v3-1725493-1725694	AATCATAGTTATTACCACCAAAAACGTATAAGAAATTATTCAATACAGCACTTCCAAAATAAGCTTTTTTGGTAGACATAGGTGTACACATACGCCAGCATTGTTGACTAATATCTAATAATTCCATCGAATTTAAATATTCTACACCATCAAATCCACCTATACAAAATACTAATGGGAATGGTAAAAATTTAATACCAT
ReducedMAD4HATTER	Pf3D7_13_v3-1725740-1725923	TGGTATGGGTATAGTTAACGGATTTCTTAAGAAGTTAAGTATAATTCTAAATAACTCACTATCCCTATCTAAGAATATTCTTCCTTGTTTATCTCTGGTTACATGATGTCTTCCACTTAATAATTTCTCTATAAATGAATCTTTTTGTTGTGTTAAGGTATGTCTAGATGTTTCAAAAATAGC
ReducedMAD4HATTER	Pf3D7_13_v3-1725915-1726094	AAAATAGCTCCACCAACATTAATATCAATCATAGTTTCAGTAGCAATATTTGCATCAACAATTTTTTTTTTATCATTCTCAAAATTTTTATATTCTTGATAATATTTTTCTTTTTCTAAATATAATACTAATTTAATTTTATCGATTTCTTGTAAAAATCTTAATCTTTCTTCATCAAA
ReducedMAD4HATTER	Pf3D7_13_v3-1726089-1726271	TCAAATCGTTTCCTATGTTCTTCTTTTTCTTTTTTTATTTGTTTATAACCATTAGATATATCAATATCTAATTTCTTTCTTTCATCATGTAATTTCTGTTCTTCAATATTTTTACGGTTTTCTAATTCTTTGTACAATCGTACTCTTTCCATTTCTAGTTCTTTCTTATCTTTAAATAATTT
ReducedMAD4HATTER	Pf3D7_13_v3-1726206-1726375	TTTTCTAATTCTTTGTACAATCGTACTCTTTCCATTTCTAGTTCTTTCTTATCTTTAAATAATTTATCTTTTTCTCGAATAAAATTCATTTGTGTCTTTTTTAACCAATTAATAAATGTAATTCTTAAATCACCTACCATATTTTCAAAATCACTAGCATCACTTAATT
ReducedMAD4HATTER	Pf3D7_13_v3-1726755-1726967	ATATCAATGGATTCTAATAGGCTATCTTTAACATTTCCATAACTACTATTATTTAAAAGGAAACTATTATTTTCCGTTTTCTCATTTTTATCACTAGTTAGATTCATAAATGAATTAGAATCATTCTCGCTACTACTTCCGCTTTTATCATCACTATTGCTGTTACCACCAGATTCCCTATCATACGTCATAGAAAAATTCGAGATACTATT
ReducedMAD4HATTER	Pf3D7_13_v3-2114271-2114454	GCTTCCATTAACTCAATATATAATTTATTAATAATTTTTAATTTGTTTATTTCAAAAAGGCATAGTTTTAACAAGGCTCTTAAGGTTCTATTACCCCCTAAGAGGTTAAAATGAATATTTCCTTTTTCTCGTATATGCAAAAAATCCCTTAACAATAAATCATATTCATCAGTATGAAATGTT
ReducedMAD4HATTER	Pf3D7_13_v3-2545091-2545258	CATGATTCCTCAAAAGTTTAACATTCCACATAGTATCTGTTAAATTGATAGTTTGCAAACAATTATACGTTTGGTTATTTTTATTTTTAAAAAAGGATATATGATCATCTAAAGATTTATTTTTGAGAAAGATTTCCATATATTCATATATATCTTGAATACACCAG
ReducedMAD4HATTER	Pf3D7_14_v3-0283380-0283552	TAAGCACATATGTAAAAGAGAGCTTCAAATTTTTTAAATCAGGTTATGCACAAAAAGGATATTTAGGAAGTGAAAATGACAGTATTGAATTAGATGATGTTGCTAATTTAATGTTTTATGGTGAAGGACAAATTGGAACTAATAAACAACCATTTATGTTTATTTTCGATAC
ReducedMAD4HATTER	Pf3D7_14_v3-0284005-0284184	ATTAAATCATGACTTATATTGGCAAATAGATTTAGATATACACTTTGGTAAATATGTCATGCAAAAAGCAAATGCTGTTGTTGATAGTGGTACAAGTACTATAACAGCACCAACCAGTTTTCTTAATAAATTCTTTAGAGATATGAATGTTATTAAAGTACCATTCTTACCATTATATG
ReducedMAD4HATTER	Pf3D7_14_v3-0288461-0288664	TATCTTATAGATAATGTATTATTCCCAAAAAATAAAAAGATAAATGAAATTATGAATACCTCAAAACATGTAATAATTGGATTTAGTATTGAAAATTCTCATGACAGAATTATGAAAACAGTAAAACAACACAGATTAAAAAATTATATTAAAGAATCCTTGAAATTTTTCAAAACAGGACTTACACAAAAACCACATTTAGG
ReducedMAD4HATTER	Pf3D7_14_v3-0289328-0289517	GCACCAACTGAATTCCTTAACAAATTCTTTGAAGGTTTAGATGTTGTTAAAATACCTTTCTTACCATTATATATAACTACATGTAATAACCCTAAATTACCAACTCTAGAATTCAGATCAGCAACAAATGTTTATACCTTAGAACCAGAATACTACTTACAACAAATATTCGATTTTGGTATATCATTA
ReducedMAD4HATTER	Pf3D7_14_v3-0293607-0293796	CTTTTGTAGTGTAATGTGTGGTTTATTTTATTATGTGTATGAAAATGTATGGCTTCAAAGAGATAATGAAATGAATGAAATTTTAAAAAATTCCGAACATTTAACTATTGGATTTAAAGTTGAAAATGCACATGATAGAATTTTGAAAACTATAAAAACACATAAATTAAAAAATTACATTAAAGAATC
ReducedMAD4HATTER	Pf3D7_14_v3-0294534-0294741	GCAGAATTTAGATGTTATCAAAGTCCCATTCTTACCTTTCTATGTAACTCTTTGTAACAACAGCAAATTACCAACTTTTGAATTTACCTCAGAAAATGGTAAATACACATTAGAACCTGAATACTACCTTCAACACATAGAAGATGTTGGTCCAGGATTATGTATGCTTAATATCATAGGATTAGATTTTCCAGTACCAACCTTTAT
ReducedMAD4HATTER	Pf3D7_14_v3-0294537-0294730	GAATTTAGATGTTATCAAAGTCCCATTCTTACCTTTCTATGTAACTCTTTGTAACAACAGCAAATTACCAACTTTTGAATTTACCTCAGAAAATGGTAAATACACATTAGAACCTGAATACTACCTTCAACACATAGAAGATGTTGGTCCAGGATTATGTATGCTTAATATCATAGGATTAGATTTTCCAGTA
ReducedMAD4HATTER	Pf3D7_14_v3-0297615-0297824	CAGGAGGTTTTTCTTATTATATTTTTGAAAATTTCGTTTTTCAAAAGAACCGTAAAATTAATCACATAATTAAGACTTCAAAATATTCGACAGTAGGATTTAATATTGAAAATTCTTATGATAGACTTATGAAAACAATTAAAGAGCATAAATTAAAAAATTATATAAAAGAATCAGTAAAACTTTTTAATAAAGGTTTAACCAAAAAA
ReducedMAD4HATTER	Pf3D7_14_v3-0297960-0298129	TACCCAGTATAAAATGTACATCAGAGTCTTGTGAAAGTAAAAATCATTATGATTCATCAAAATCAAAAACATATGAAAAAGATGATACGCCTGTTAAATTGACAAGTAAAGCTGGTACAATAAGTGGAATATTTAGTAAAGATTTAGTAACTATTGGTAAATTATCAGT
ReducedMAD4HATTER	Pf3D7_14_v3-0298400-0298603	CACGATTTAATGTGGCAAGTTGATTTAGATGTACATTTTGGTAATGTATCTTCCAAAAAAGCAAACGTTATTTTAGATAGTGCCACCAGTGTCATAACTGTACCAACAGAATTTTTTAATCAATTCGTAGAATCTGCAAGTGTTTTCAAAGTTCCATTCTTATCTTTGTATGTAACCACTTGTGGTAACACGAAATTACCAAC
ReducedMAD4HATTER	Pf3D7_14_v3-0377797-0377992	TAAAGATATATCAACTGAAAATATTTTATCAAATAATTGCTTTAATAATAAGTTAAAAAATTGATTTCCAACATCTATCATATTCATATAATCTAATGATTTAAAAATATATAATATACTCTTTGGACTAAATTTTAATTCATCATTTATTATTTTCTCTTTTACTATTGCTTTAATTTGATTAAAATATATAAT
ReducedMAD4HATTER	Pf3D7_14_v3-0407338-0407509	TCTTTCTTTCGTCTTTCTGTTCATTATCCATATAATCTTTTTCTCCTTCCTTTTCATTCTTTACTTTATTTCTATTAATACACAACTCTCCTTGAGTTAAGAGATTTACGATATTATCAATATTGTTTTCTTTCATATACTTCAACTTTTTACTATTCATTTTTAAAAGAT
ReducedMAD4HATTER	Pf3D7_14_v3-0771432-0771601	TACCCACGGGACATTTTAATTTATACCTATTGGAACATTTTTTATTAGGTCTTTCTTTATGATTCTTCTTTAAAATAGGTTCATCATTATTTGAGTAAACTAACAGATTATTATCGTTCTCAAAATTATTATAACCATCAATATTTTTATTTCCATATACATCTATAAT
ReducedMAD4HATTER	Pf3D7_14_v3-0921208-0921399	TACAATATTAATTTTATAAGTTCATTATTTCAATTTTATATTTAGGAGGATCTATATCCATATATTATTCATTTTAAAAATATTAAAATAAATACATATATAAATATATAAACATATAAAAACAGTCTTTTAAAAATTAATAAGATTTATATAAAATATGGTTATAAATCCTATTTTGTATTATATCAAAA
ReducedMAD4HATTER	Pf3D7_14_v3-1954881-1955099	TTTCAGTATGTGGTTCATTTGATTTTGATTGCATATTCCACATTTCTGTGTATTCTCCATTACATTTTAATAAATCTAGATGTGTTCCTCTTTCTATAATTTTTCCTTTGTTCAATAAGATAATTAATTCAGCGGTTGTGATAGTACATAGTTTATGTGCTATAATAATAATGGTTCTATTTTTTCTTAAATCTTCTACAGCTTTTTGGAAAAGATAT
ReducedMAD4HATTER	Pf3D7_14_v3-1956088-1956301	TCTAATTTTTTTTCTCCACTTTGTAATTTTTATTGTTGAATATATATATAAAGTTAAACCTATAAATAATACACTACCTAATAAACTATTCTTATATTTAAAAATAAATATAATACATGTTATTAATCCTTCTATTGTTGCCGGAATAATATACATTAAAACAGAACTCATCAAATTATTAGCACTCTCGGTACCTCTATCAACTATTCTCAT
ReducedMAD4HATTER	Pf3D7_14_v3-1956395-1956609	TGTACTTGTGAAAATAATACACCACAAACCTCTTTTAAAAATTTAGATATAAAAAAAAATGTTACATATAAACCTAAATAATATACTGAACTAGATAAACTCTTTTTTAATACTTCATTTGATGCCCAACCTAAATATATCGGAGAAATTACACTAAATACTTTTGATACTAATATAAATAAAAATATTAGAACAATATATGTACGTAATATAG
ReducedMAD4HATTER	Pf3D7_14_v3-1957250-1957447	GTTATTAAATACATGTTAGTATTATAAAGAGGATTTTCTGATTTTATTACATAACTATAATTTATCATCTTTATTACATTCAATATAACTAAGATACCGGTTATATGTCTGGATAATACATACACCTTTCCTAATGTATTCAATTCTGTTAACTTTTTATGTAATCTAAATAAAATTACGGTGTATATTATTCTTAT
ReducedMAD4HATTER	Pf3D7_14_v3-2004394-2004574	ATATTTCCATATTATTGTAATAGGGCTTTTTCTTGCTCTTCTAATTTTTGTATATCTTGCTTATCCTTATCTAATTGTCCAAGAGCATTTAATTCATCTTCTACATTTATTTTATTTTCTTGAGAATATTCTTCAATTTTGTCTTCGAAACTGTTATATAATCTATTTATAATTGGTTGT
ReducedMAD4HATTER	Pf3D7_14_v3-2020636-2020823	CCAAGAACATGAATATTTCTGTAAATACATAGACAAGTCCTCATTATGTCTTATCACAGGGTGCTCTTTTTTAATATGACAATATAATTTTATATGTTTTATTATTTCTTGATGAATTTCACATAATAAAAATAATGTGTGATTCATATGTTGACTACCCAATATAGAAAAGCCACTAACTAATTGA
ReducedMAD4HATTER	Pf3D7_14_v3-2481064-2481245	CCCATGTGGATAAAGACAGTAGAGAGCAATTCGAAATAAAACAGTACTCTTGCAAATTAGATATTTTTTTGAACTCATCTGTTCCTATAAAAAATTCTGAATGTAAGCAGAATAAATTATACACAAAAGAATATATATTCATTTTTATTTATTCACTTTATATATGTTTGTATGTATGTAT
ReducedMAD4HATTER	Pf3D7_14_v3-3124441-3124626	TTAATTGATCTTCTAGAGGAATTAGATATTTTGTCTATATCGAATAAAGATGAAGTAGAAAAACGAAGAAAGGAAACAACTCAAGAGACGCGGTTGTTAGGAAATATTGATTTAGGATATGGAAAATTAGGAGAGGGAATAAAGCATGAAAATTTACAGGAAGAATTAGGAAACAGATTATTTGG
ReducedMAD4HATTER	Pf3D7_14_v3-3125829-3126040	AATTCTTATAATATTTAAGAATGAAGGGATTAAATATTTACATTTTAGCGAGGATACTCTGAAATATGTTAATTTTAATTATCCTGATTTTAACTTATATAAATGTATGAATTTATATAAGAAAAATTATGTTGATAGGGATGAGAAAGATATCTGTGATTTTTCAAATGAAGATTTTCCGTTAATAAAAGAAAATAACAAGAGAATCAGG
